{
  "version": "V40",
  "ablation_mode": "degradation",
  "strategy": "V37 Lean + Undercarriage Stress + Structural Fatigue",
  "target": "is_failure",
  "train_auc": 0.7501076978309849,
  "test_auc": 0.7500127504706515,
  "brier": 0.14676608416275433,
  "calibrated_brier": 0.14564503807892365,
  "logloss": 0.46081403330649884,
  "top_decile_lift": 2.527245272715102,
  "n_features": 104,
  "v29_importance": 1.6415786868134508,
  "v30_importance": 4.615341960400253,
  "v31_importance": 0,
  "v32_importance": 5.76646500415783,
  "v33_importance": 0,
  "v34_importance": 0.9513636351548174,
  "v36_importance": 7.095395095394915,
  "v43_importance": 0.9117577250854988,
  "v44_importance": 0.07950872171140169,
  "v45_importance": 18.01537355677062,
  "target_model_auc": {
    "VAUXHALL CORSA": 0.6844001876498874,
    "FORD TRANSIT": 0.6631144198213791,
    "BMW 3 SERIES": 0.6652680077337612,
    "RENAULT CLIO": 0.7307186476928417
  },
  "v27_baselines": {
    "VAUXHALL CORSA": 0.635,
    "FORD TRANSIT": 0.648,
    "BMW 3 SERIES": 0.644,
    "RENAULT CLIO": 0.648
  },
  "hyperparameters": {
    "iterations": 2000,
    "learning_rate": 0.02,
    "depth": 6,
    "l2_leaf_reg": 4,
    "border_count": 128,
    "random_strength": 1.0,
    "bagging_temperature": 0.5,
    "eval_metric": "AUC"
  },
  "k_model_overrides": {
    "VAUXHALL CORSA": 50,
    "FORD TRANSIT": 50,
    "BMW 3 SERIES": 35,
    "RENAULT CLIO": 35,
    "VAUXHALL VIVARO": 50,
    "VAUXHALL INSIGNIA": 35,
    "MERCEDES-BENZ A": 35
  },
  "feature_importance": {
    "prev_cycle_outcome_band": 5.996759179897978,
    "gap_band": 1.692607823449474,
    "make": 0.00013720575014367566,
    "advisory_trend": 1.7925087755403635,
    "test_mileage": 7.150296737426899,
    "prev_count_advisory": 0.19142002729412397,
    "days_since_last_test": 0.4560443696157591,
    "prior_fail_rate_smoothed": 2.201877649763453,
    "n_prior_tests": 0.0631398785045397,
    "make_fail_rate_smoothed": 0.09487014758613314,
    "segment_fail_rate_smoothed": 0.11507658807391394,
    "model_fail_rate_smoothed": 3.7558989386843615,
    "days_late": 0.6341002742232302,
    "prev_adv_brakes": 0.22048953938534535,
    "prev_adv_suspension": 0.1507853886580765,
    "prev_adv_steering": 0.007827210683419336,
    "prev_adv_tyres": 0.03220372071317699,
    "mileage_cohort_ratio": 2.846413688653306,
    "advisory_cohort_delta": 0.3743752426041055,
    "days_since_pass_ratio": 0.639622068043235,
    "station_fail_rate_smoothed": 0.4427102025836601,
    "station_x_prev_outcome_fail_rate": 1.7287183075698256,
    "multi_system_advisory_count": 0.7587805092504495,
    "n_prior_fails": 0.26883211008887886,
    "fails_last_365d": 1.804576716930305,
    "fails_last_730d": 0.1852223461610613,
    "fail_rate_trend": 0.8252616869082481,
    "recent_fail_intensity": 3.434962657989876,
    "mdps_score": 1.3608325339830991,
    "front_end_advisory_intensity": 0.08728127987547571,
    "brake_system_stress": 0.2889851179519528,
    "commercial_wear_proxy": 1.2653122889860222,
    "usage_band_hybrid": 4.615341960400253,
    "has_prior_advisory_brakes": 0.05667656173161225,
    "tests_since_last_advisory_brakes": 0.18300305000102293,
    "advisory_in_last_1_brakes": 0.08589197855306559,
    "advisory_in_last_2_brakes": 9.654362471538486e-05,
    "advisory_streak_len_brakes": 0.24312798788396747,
    "has_prior_advisory_tyres": 0.6741723841419456,
    "miles_since_last_advisory_tyres": 0.1085778347982574,
    "tests_since_last_advisory_tyres": 1.2500738923347858,
    "advisory_in_last_1_tyres": 0.4644238002667757,
    "advisory_in_last_2_tyres": 9.06699185739565e-05,
    "advisory_streak_len_tyres": 1.3088087789938052,
    "has_prior_advisory_suspension": 0.0005889965087109137,
    "miles_since_last_advisory_suspension": 0.004915814669512143,
    "tests_since_last_advisory_suspension": 0.004276089930329781,
    "advisory_in_last_1_suspension": 0.0004585519628724775,
    "advisory_in_last_2_suspension": 0.0003343036669274984,
    "advisory_streak_len_suspension": 0.005147660517187166,
    "has_prior_failure_brakes": 0.006865556122428134,
    "has_ever_failed_brakes": 0.09820891439325191,
    "failure_streak_len_brakes": 0.2074910986276775,
    "tests_since_last_failure_brakes": 0.14520318489293443,
    "has_prior_failure_tyres": 0.0016445404949153547,
    "has_ever_failed_tyres": 0.004201697422926464,
    "failure_streak_len_tyres": 0.01905090103578257,
    "tests_since_last_failure_tyres": 0.047643478968886564,
    "has_prior_failure_suspension": 0.08699918844831525,
    "has_ever_failed_suspension": 0.13888995347262384,
    "failure_streak_len_suspension": 0.3253184200470738,
    "tests_since_last_failure_suspension": 0.2942831707269452,
    "station_strictness_bias": 0.9513636351548174,
    "annualized_mileage_v2": 7.095395095394915,
    "mileage_anomaly_flag": 0.0,
    "has_prev_mileage": 0.02564353813512963,
    "mileage_plausible_flag": 0.0008567815308230984,
    "local_corrosion_index": 0.4144092030654553,
    "local_corrosion_delta": 0.4973485220200435,
    "high_risk_model_flag": 0.00018148467286523422,
    "suspension_risk_profile": 0.07932723703853646,
    "model_age_fail_rate_eb": 16.01224488135645,
    "make_age_fail_rate_eb": 2.003128675414167,
    "historic_negligence_ratio_smoothed": 0.3061072194819542,
    "negligence_band": 7.16885879662541,
    "raw_behavioral_count": 0.7932366937284595,
    "eb_unified_prior": 5.466456561291591,
    "mech_decay_brake": 0.01830333989113362,
    "mech_decay_suspension": 0.01570547808012957,
    "mech_decay_structure": 0.015967311980750756,
    "mech_decay_steering": 0.008323624517513045,
    "mech_decay_index": 0.03351478730274705,
    "mech_decay_index_normalized": 0.012227112383110517,
    "mech_risk_driver": 1.0031767934675246,
    "text_corrosion_index": 0.010106189102841712,
    "text_wear_index": 0.041116516175117426,
    "text_leak_index": 0.010172762893949245,
    "text_damage_index": 0.01565053912596262,
    "text_corrosion_index_log": 0.021113572095571066,
    "text_wear_index_log": 0.029241256710973405,
    "text_leak_index_log": 0.009758393781010465,
    "text_damage_index_log": 0.014055726993879988,
    "has_corrosion_history": 0.0,
    "has_wear_history": 0.02476992155540787,
    "has_leak_history": 0.0021357996996168808,
    "has_damage_history": 0.003690554864026953,
    "mechanism_count": 0.7822880254807535,
    "max_severity_score": 1.0072482499963835,
    "severity_escalation_flag": 0.04036779243044698,
    "has_advisory_history": 1.0360820212824575,
    "dominant_mechanism": 3.267332640164054,
    "test_month": 0.015681115992804452,
    "is_winter_test": 0.0023227469100614235,
    "day_of_week": 0.4953522248231853
  },
  "created": "2026-01-16T14:41:47.465994"
}