column,block,source_file_line,definition,grain,source_records,event_subset,window,statistic,denominator_exposure,zero_semantics,missing_semantics,asof_rule,coding_era_dependence,intended_model_families,est_compute_cost,parity_class,parity_evidence
prev_cycle_outcome_band,B0,"autosafe/feature_engineering_v55.py:247,249,251,253",Band of the single most recent prior test RECORD's result: pass / fail / unknown / first_test.,vehicle x prior test RECORD (module reads the packet prior list newest-first),"factory packets view (tgt_* + p_* + defects_json, factory/packets.py:53-58) -> feature_engineering_v55.engineer_features",pass|fail,latest_test,latest,n/a,'first_test' level for 0 priors; ABANDONED collapses into 'unknown' and PRS into 'pass',no separate missing level,"as-of SAFE but D13-UNSAFE: the module reads tests[0] after a DATE-ONLY stable sort (autosafe/feature_engineering_v55.py:221), so the value depends on WITHIN-DAY record order, which this programme declares unidentified (FACTORY_CONTRACT.md:72-74)",none,tree-native categorical (CatBoost/LightGBM cat_features); MLP/RealMLP and context models need an explicit encoder (fit_contract.py:249-268),"low per row, but the whole B0 frame is a second pass over the LONG packets view (factory/runners/b0_module_runner.py:167-195), parallel over vehicles",unsafe_ambiguous,D13-safe twins already exist: b5_last_day_has_pass / b5_last_day_has_fail (factory/blocks.py:186-187)
gap_band,B0,"autosafe/feature_engineering_v55.py:258,261",Band of the number of days BETWEEN the two most recent prior tests (early/on_time/slightly_late/late/very_late/first_test).,vehicle x prior test RECORD (module reads the packet prior list newest-first),"factory packets view (tgt_* + p_* + defects_json, factory/packets.py:53-58) -> feature_engineering_v55.engineer_features",prior_test,between_2_most_recent_priors,band,n/a,'first_test' level for <2 priors,n/a,"as-of SAFE but D13-UNSAFE: the module reads tests[0] after a DATE-ONLY stable sort (autosafe/feature_engineering_v55.py:221), so the value depends on WITHIN-DAY record order, which this programme declares unidentified (FACTORY_CONTRACT.md:72-74)",none,tree-native categorical (CatBoost/LightGBM cat_features); MLP/RealMLP and context models need an explicit encoder (fit_contract.py:249-268),"low per row, but the whole B0 frame is a second pass over the LONG packets view (factory/runners/b0_module_runner.py:167-195), parallel over vehicles",unsafe_ambiguous,NOT recency at prediction time: it bands the gap BETWEEN the two most recent priors (autosafe/feature_engineering_v55.py:256-259). The recency cell is filled by b5_days_since_prior_day (factory/blocks.py:190)
make,B0,autosafe/feature_engineering_v55.py:241,"Vehicle make as recorded on the target row, passed through as a categorical.",target row (vehicle attribute),"factory packets view (tgt_* + p_* + defects_json, factory/packets.py:53-58) -> feature_engineering_v55.engineer_features",vehicle_attribute,none,latest,n/a,n/a,n/a categorical,"as-of SAFE: every packet prior carries p_date strictly < tgt_date, gated by factory/packets.py:161-174; prediction_date := tgt_date (factory/runners/b0_module_runner.py:138)",none,tree-native categorical (CatBoost/LightGBM cat_features); MLP/RealMLP and context models need an explicit encoder (fit_contract.py:249-268),"low per row, but the whole B0 frame is a second pass over the LONG packets view (factory/runners/b0_module_runner.py:167-195), parallel over vehicles",different_window_or_semantics,NON-CUBE: vehicle attribute; occupies no history-cube cell
advisory_trend,B0,"autosafe/feature_engineering_v55.py:330,332,334,336",Three-level comparison of the advisory item count on the most recent prior test vs the one before it (increasing/decreasing/stable/unknown).,vehicle x prior test RECORD (module reads the packet prior list newest-first),"factory packets view (tgt_* + p_* + defects_json, factory/packets.py:53-58) -> feature_engineering_v55.engineer_features",advisory,lag1_2_most_recent_priors,amplitude_categorical,n/a,n/a,'unknown' level for <2 priors,"as-of SAFE but D13-UNSAFE: the module reads tests[0] after a DATE-ONLY stable sort (autosafe/feature_engineering_v55.py:221), so the value depends on WITHIN-DAY record order, which this programme declares unidentified (FACTORY_CONTRACT.md:72-74)","era-BRIDGED by design: severity->type first, disposition fallback (factory/runners/b0_module_runner.py:71-75), so pre-2018 F and post-2018 major both map to MAJOR; DANGEROUS and MINOR exist post-2018 only",tree-native categorical (CatBoost/LightGBM cat_features); MLP/RealMLP and context models need an explicit encoder (fit_contract.py:249-268),"low per row, but the whole B0 frame is a second pass over the LONG packets view (factory/runners/b0_module_runner.py:167-195), parallel over vehicles",unsafe_ambiguous,"3-level DIRECTION at lag 1 (autosafe/feature_engineering_v55.py:326-336); categorical, so no magnitude survives"
test_mileage,B0,"autosafe/feature_engineering_v55.py:286,291","Odometer reading on the most recent prior test, sentinel-filled with 50000 when absent.",vehicle x prior test RECORD (module reads the packet prior list newest-first),"factory packets view (tgt_* + p_* + defects_json, factory/packets.py:53-58) -> feature_engineering_v55.engineer_features",mileage_reading,latest_test,latest,n/a,"0 is a real reading, not a missing marker","in-range sentinel 50000 when absent (autosafe/feature_engineering_v55.py:87,291); flagged by has_prev_mileage","as-of SAFE but D13-UNSAFE: the module reads tests[0] after a DATE-ONLY stable sort (autosafe/feature_engineering_v55.py:221), so the value depends on WITHIN-DAY record order, which this programme declares unidentified (FACTORY_CONTRACT.md:72-74)","YES: pre-2022 test_mileage is unit-ambiguous (km contamination, no unit column, docs/v58/assessment_2026_08/DATA_ASSESSMENT.md:170-172) and the runner hardcodes odometer_unit='mi' (factory/runners/b0_module_runner.py:121), so the module's km->mi branch never fires. flat4y spans 2020-2023, straddling the 2022 upstream correction",all: float64 with NaN for NULL (fit_contract.py:267-268),"low per row, but the whole B0 frame is a second pass over the LONG packets view (factory/runners/b0_module_runner.py:167-195), parallel over vehicles",unsafe_ambiguous,in-range sentinel plus unit ambiguity plus tests[0]-only read
prev_count_advisory,B0,autosafe/feature_engineering_v55.py:323,Total advisory defect items across all prior tests.,vehicle x prior ITEM,"factory packets view (tgt_* + p_* + defects_json, factory/packets.py:53-58) -> feature_engineering_v55.engineer_features",advisory,lifetime,count,raw count,0 = no advisory items,n/a,"as-of SAFE: every packet prior carries p_date strictly < tgt_date, gated by factory/packets.py:161-174; prediction_date := tgt_date (factory/runners/b0_module_runner.py:138)","era-BRIDGED by design: severity->type first, disposition fallback (factory/runners/b0_module_runner.py:71-75), so pre-2018 F and post-2018 major both map to MAJOR; DANGEROUS and MINOR exist post-2018 only",all: float64 with NaN for NULL (fit_contract.py:267-268),"low per row, but the whole B0 frame is a second pass over the LONG packets view (factory/runners/b0_module_runner.py:167-195), parallel over vehicles",duplicate_redundant,"the same item set as b3_n_advisory_items (factory/blocks.py:156), up to the ""'advisory' in str(defect)"" escape clause (autosafe/feature_engineering_v55.py:308) which also catches the 'Non-component advisories' section. CORROBORATED: both range [0..402] on flat4y/r1m"
days_since_last_test,B0,"autosafe/feature_engineering_v55.py:259,262",Days between the two most recent prior tests; 0 when fewer than two priors.,vehicle x prior test RECORD (module reads the packet prior list newest-first),"factory packets view (tgt_* + p_* + defects_json, factory/packets.py:53-58) -> feature_engineering_v55.engineer_features",prior_test,between_2_most_recent_priors,recency_days,days,0 = fewer than 2 priors AND 0 = two priors on the same day,no missing marker,"as-of SAFE but D13-UNSAFE: the module reads tests[0] after a DATE-ONLY stable sort (autosafe/feature_engineering_v55.py:221), so the value depends on WITHIN-DAY record order, which this programme declares unidentified (FACTORY_CONTRACT.md:72-74)",none,all: float64 with NaN for NULL (fit_contract.py:267-268),"low per row, but the whole B0 frame is a second pass over the LONG packets view (factory/runners/b0_module_runner.py:167-195), parallel over vehicles",unsafe_ambiguous,"misnamed: it is the prior INTER-TEST gap (autosafe/feature_engineering_v55.py:257), not tgt_date minus the last prior. True recency is b5_days_since_prior_day (factory/blocks.py:190). CORROBORATED: its measured max (5916) equals b1_max_gap_days exactly, while b5_days_since_prior_day maxes at 6450"
prior_fail_rate_smoothed,B0,"autosafe/feature_engineering_v55.py:404,406",Prior test RECORDS with result FAILED divided by all prior test records; 0.0 without priors.,vehicle x prior test RECORD (module reads the packet prior list newest-first),"factory packets view (tgt_* + p_* + defects_json, factory/packets.py:53-58) -> feature_engineering_v55.engineer_features",fail,lifetime,rate,per prior test RECORD,0.0 = never failed AND 0.0 = no priors; n_prior_tests disambiguates,n/a,"as-of SAFE: every packet prior carries p_date strictly < tgt_date, gated by factory/packets.py:161-174; prediction_date := tgt_date (factory/runners/b0_module_runner.py:138)",none,all: float64 with NaN for NULL (fit_contract.py:267-268),"low per row, but the whole B0 frame is a second pass over the LONG packets view (factory/runners/b0_module_runner.py:167-195), parallel over vehicles",partial,not smoothed - a raw ratio (autosafe/feature_engineering_v55.py:403-406); both raw terms ship
n_prior_tests,B0,autosafe/feature_engineering_v55.py:400,"Count of prior test RECORDS in the packet list (all results, retests included).",vehicle x prior test RECORD (module reads the packet prior list newest-first),"factory packets view (tgt_* + p_* + defects_json, factory/packets.py:53-58) -> feature_engineering_v55.engineer_features",prior_test,lifetime,count,raw count,0 = no priors,n/a,"as-of SAFE: every packet prior carries p_date strictly < tgt_date, gated by factory/packets.py:161-174; prediction_date := tgt_date (factory/runners/b0_module_runner.py:138)",none,all: float64 with NaN for NULL (fit_contract.py:267-268),"low per row, but the whole B0 frame is a second pass over the LONG packets view (factory/runners/b0_module_runner.py:167-195), parallel over vehicles",duplicate_redundant,"identical to b1_n_prior_tests (factory/blocks.py:87): both count prior test RECORDS on strictly earlier days (factory/state.py:336 vs factory/state.py:476 + factory/packets.py:139-160), and no --max-priors trim is used in queue.txt. CORROBORATED: both range [0..48] on flat4y/r1m"
make_fail_rate_smoothed,B0,"autosafe/feature_engineering_v55.py:692,694,728",Fleet fail rate for the make; falls back to the 0.28 base rate when no hierarchical artefact is supplied.,fleet cell (make),"factory packets view (tgt_* + p_* + defects_json, factory/packets.py:53-58) -> feature_engineering_v55.engineer_features",fleet_prior,lifetime,rate,fleet cell,n/a,n/a,"as-of SAFE: every packet prior carries p_date strictly < tgt_date, gated by factory/packets.py:161-174; prediction_date := tgt_date (factory/runners/b0_module_runner.py:138)",none,all: float64 with NaN for NULL (fit_contract.py:267-268),"low per row, but the whole B0 frame is a second pass over the LONG packets view (factory/runners/b0_module_runner.py:167-195), parallel over vehicles",absent,"CONSTANT 0.28 in the adopted frame: no model_hierarchical / segment_hierarchical is passed (factory/runners/b0_module_runner.py:136-138) so the base_rate branch fires (autosafe/feature_engineering_v55.py:728-729,781). eb_fleet_builder replaces only the three *_eb columns (out/b0/b0_flat4y_eb.parquet.manifest.json 'replaced_columns'). MEASURED flat4y/r1m n=999,999: range [0.28 .. 0.28], NULL 0.000%"
segment_fail_rate_smoothed,B0,"autosafe/feature_engineering_v55.py:776,779,781","Fleet fail rate for the (make, age band, mileage band) segment; base-rate fallback.",fleet cell (make x age band x mileage band),"factory packets view (tgt_* + p_* + defects_json, factory/packets.py:53-58) -> feature_engineering_v55.engineer_features",fleet_prior,lifetime,rate,fleet cell,n/a,n/a,"as-of SAFE: every packet prior carries p_date strictly < tgt_date, gated by factory/packets.py:161-174; prediction_date := tgt_date (factory/runners/b0_module_runner.py:138)",none,all: float64 with NaN for NULL (fit_contract.py:267-268),"low per row, but the whole B0 frame is a second pass over the LONG packets view (factory/runners/b0_module_runner.py:167-195), parallel over vehicles",absent,"CONSTANT 0.28 in the adopted frame: no model_hierarchical / segment_hierarchical is passed (factory/runners/b0_module_runner.py:136-138) so the base_rate branch fires (autosafe/feature_engineering_v55.py:728-729,781). eb_fleet_builder replaces only the three *_eb columns (out/b0/b0_flat4y_eb.parquet.manifest.json 'replaced_columns'). MEASURED flat4y/r1m n=999,999: range [0.28 .. 0.28], NULL 0.000%"
model_fail_rate_smoothed,B0,"autosafe/feature_engineering_v55.py:685,687,729",Fleet fail rate for the model; base-rate fallback.,fleet cell (model),"factory packets view (tgt_* + p_* + defects_json, factory/packets.py:53-58) -> feature_engineering_v55.engineer_features",fleet_prior,lifetime,rate,fleet cell,n/a,n/a,"as-of SAFE: every packet prior carries p_date strictly < tgt_date, gated by factory/packets.py:161-174; prediction_date := tgt_date (factory/runners/b0_module_runner.py:138)",none,all: float64 with NaN for NULL (fit_contract.py:267-268),"low per row, but the whole B0 frame is a second pass over the LONG packets view (factory/runners/b0_module_runner.py:167-195), parallel over vehicles",absent,"CONSTANT 0.28 in the adopted frame: no model_hierarchical / segment_hierarchical is passed (factory/runners/b0_module_runner.py:136-138) so the base_rate branch fires (autosafe/feature_engineering_v55.py:728-729,781). eb_fleet_builder replaces only the three *_eb columns (out/b0/b0_flat4y_eb.parquet.manifest.json 'replaced_columns'). MEASURED flat4y/r1m n=999,999: range [0.28 .. 0.28], NULL 0.000%"
days_late,B0,"autosafe/feature_engineering_v55.py:621,623",Days between the target date and the synthesised expiry (last PASSED prior + 365 days); 0 when not late or no such prior.,vehicle x prior test RECORD (module reads the packet prior list newest-first),"factory packets view (tgt_* + p_* + defects_json, factory/packets.py:53-58) -> feature_engineering_v55.engineer_features",prior_test,since_synthetic_expiry,recency_days,days,"0 = on time, 0 = no priors, and 0 = the most recent prior FAILED so no expiry was synthesised",no missing marker,"as-of SAFE but D13-UNSAFE: the module reads tests[0] after a DATE-ONLY stable sort (autosafe/feature_engineering_v55.py:221), so the value depends on WITHIN-DAY record order, which this programme declares unidentified (FACTORY_CONTRACT.md:72-74)",none,all: float64 with NaN for NULL (fit_contract.py:267-268),"low per row, but the whole B0 frame is a second pass over the LONG packets view (factory/runners/b0_module_runner.py:167-195), parallel over vehicles",unsafe_ambiguous,"the expiry date is SYNTHESISED as p_date + 365 days for PASSED priors only (factory/runners/b0_module_runner.py:116-118); the substrate carries no expiry field. MEASURED flat4y/r1m n=999,999: range [0.0 .. 6085.0], NULL 0.000%"
prev_adv_brakes,B0,autosafe/feature_engineering_v55.py:339,Advisory defect ITEMS across all priors whose catalogue section classifies to the brakes component.,vehicle x prior ITEM,"factory packets view (tgt_* + p_* + defects_json, factory/packets.py:53-58) -> feature_engineering_v55.engineer_features",advisory:brakes,lifetime,count,raw count,0 = no advisory item classified to this component,n/a,"as-of SAFE: every packet prior carries p_date strictly < tgt_date, gated by factory/packets.py:161-174; prediction_date := tgt_date (factory/runners/b0_module_runner.py:138)","era-BRIDGED by design: severity->type first, disposition fallback (factory/runners/b0_module_runner.py:71-75), so pre-2018 F and post-2018 major both map to MAJOR; DANGEROUS and MINOR exist post-2018 only",all: float64 with NaN for NULL (fit_contract.py:267-268),"low per row, but the whole B0 frame is a second pass over the LONG packets view (factory/runners/b0_module_runner.py:167-195), parallel over vehicles",partial,"the ONLY per-family advisory ITEM count in the whole 241 (autosafe/feature_engineering_v55.py:339); 4 of the 5 serving components (structure has no prev_adv twin) and lifetime only. B2 carries per-category DAYS, never per-category items. defect text := catalogue SECTION name (factory/runners/b0_module_runner.py:78-85; queue.txt uses --defect-text-source section on all six B0 builds); the v58 lake carries NO defect free text (DATA_ASSESSMENT s4)"
prev_adv_suspension,B0,autosafe/feature_engineering_v55.py:340,Advisory defect ITEMS classifying to the suspension component.,vehicle x prior ITEM,"factory packets view (tgt_* + p_* + defects_json, factory/packets.py:53-58) -> feature_engineering_v55.engineer_features",advisory:suspension,lifetime,count,raw count,0 = no advisory item classified to this component,n/a,"as-of SAFE: every packet prior carries p_date strictly < tgt_date, gated by factory/packets.py:161-174; prediction_date := tgt_date (factory/runners/b0_module_runner.py:138)","era-BRIDGED by design: severity->type first, disposition fallback (factory/runners/b0_module_runner.py:71-75), so pre-2018 F and post-2018 major both map to MAJOR; DANGEROUS and MINOR exist post-2018 only",all: float64 with NaN for NULL (fit_contract.py:267-268),"low per row, but the whole B0 frame is a second pass over the LONG packets view (factory/runners/b0_module_runner.py:167-195), parallel over vehicles",partial,"the ONLY per-family advisory ITEM count in the whole 241 (autosafe/feature_engineering_v55.py:340); 4 of the 5 serving components (structure has no prev_adv twin) and lifetime only. B2 carries per-category DAYS, never per-category items. defect text := catalogue SECTION name (factory/runners/b0_module_runner.py:78-85; queue.txt uses --defect-text-source section on all six B0 builds); the v58 lake carries NO defect free text (DATA_ASSESSMENT s4)"
prev_adv_steering,B0,autosafe/feature_engineering_v55.py:341,Advisory defect ITEMS classifying to the steering component.,vehicle x prior ITEM,"factory packets view (tgt_* + p_* + defects_json, factory/packets.py:53-58) -> feature_engineering_v55.engineer_features",advisory:steering,lifetime,count,raw count,0 = no advisory item classified to this component,n/a,"as-of SAFE: every packet prior carries p_date strictly < tgt_date, gated by factory/packets.py:161-174; prediction_date := tgt_date (factory/runners/b0_module_runner.py:138)","era-BRIDGED by design: severity->type first, disposition fallback (factory/runners/b0_module_runner.py:71-75), so pre-2018 F and post-2018 major both map to MAJOR; DANGEROUS and MINOR exist post-2018 only",all: float64 with NaN for NULL (fit_contract.py:267-268),"low per row, but the whole B0 frame is a second pass over the LONG packets view (factory/runners/b0_module_runner.py:167-195), parallel over vehicles",partial,"the ONLY per-family advisory ITEM count in the whole 241 (autosafe/feature_engineering_v55.py:341); 4 of the 5 serving components (structure has no prev_adv twin) and lifetime only. B2 carries per-category DAYS, never per-category items. defect text := catalogue SECTION name (factory/runners/b0_module_runner.py:78-85; queue.txt uses --defect-text-source section on all six B0 builds); the v58 lake carries NO defect free text (DATA_ASSESSMENT s4)"
prev_adv_tyres,B0,autosafe/feature_engineering_v55.py:342,Advisory defect ITEMS classifying to the tyres component (tyres absorbs wheels).,vehicle x prior ITEM,"factory packets view (tgt_* + p_* + defects_json, factory/packets.py:53-58) -> feature_engineering_v55.engineer_features",advisory:tyres,lifetime,count,raw count,0 = no advisory item classified to this component,n/a,"as-of SAFE: every packet prior carries p_date strictly < tgt_date, gated by factory/packets.py:161-174; prediction_date := tgt_date (factory/runners/b0_module_runner.py:138)","era-BRIDGED by design: severity->type first, disposition fallback (factory/runners/b0_module_runner.py:71-75), so pre-2018 F and post-2018 major both map to MAJOR; DANGEROUS and MINOR exist post-2018 only",all: float64 with NaN for NULL (fit_contract.py:267-268),"low per row, but the whole B0 frame is a second pass over the LONG packets view (factory/runners/b0_module_runner.py:167-195), parallel over vehicles",partial,"the ONLY per-family advisory ITEM count in the whole 241 (autosafe/feature_engineering_v55.py:342); 4 of the 5 serving components (structure has no prev_adv twin) and lifetime only. B2 carries per-category DAYS, never per-category items. defect text := catalogue SECTION name (factory/runners/b0_module_runner.py:78-85; queue.txt uses --defect-text-source section on all six B0 builds); the v58 lake carries NO defect free text (DATA_ASSESSMENT s4)"
mileage_cohort_ratio,B0,"autosafe/feature_engineering_v55.py:642,647,649,661",test_mileage divided by the cohort mean mileage; 1.0 when no cohort table is supplied.,constant,"factory packets view (tgt_* + p_* + defects_json, factory/packets.py:53-58) -> feature_engineering_v55.engineer_features",mileage_reading,lifetime,rate,cohort mean mileage,n/a,n/a,"as-of SAFE: every packet prior carries p_date strictly < tgt_date, gated by factory/packets.py:161-174; prediction_date := tgt_date (factory/runners/b0_module_runner.py:138)",none,all: float64 with NaN for NULL (fit_contract.py:267-268),"low per row, but the whole B0 frame is a second pass over the LONG packets view (factory/runners/b0_module_runner.py:167-195), parallel over vehicles",absent,"CONSTANT 1.0 in the adopted frame: engineer_features is called with no cohort_stats (factory/runners/b0_module_runner.py:136-138) so the else-branch at autosafe/feature_engineering_v55.py:661 always fires. MEASURED flat4y/r1m n=999,999: range [1.0 .. 1.0], NULL 0.000%"
advisory_cohort_delta,B0,"autosafe/feature_engineering_v55.py:654,658,662",prev_count_advisory minus the cohort mean advisory count; 0.0 when no cohort table is supplied.,constant,"factory packets view (tgt_* + p_* + defects_json, factory/packets.py:53-58) -> feature_engineering_v55.engineer_features",advisory,lifetime,amplitude,cohort mean,n/a,n/a,"as-of SAFE: every packet prior carries p_date strictly < tgt_date, gated by factory/packets.py:161-174; prediction_date := tgt_date (factory/runners/b0_module_runner.py:138)",none,all: float64 with NaN for NULL (fit_contract.py:267-268),"low per row, but the whole B0 frame is a second pass over the LONG packets view (factory/runners/b0_module_runner.py:167-195), parallel over vehicles",absent,"CONSTANT 0.0: no cohort_stats is supplied so the else-branch at autosafe/feature_engineering_v55.py:662 always fires. MEASURED flat4y/r1m n=999,999: range [0.0 .. 0.0], NULL 0.000%"
days_since_pass_ratio,B0,autosafe/feature_engineering_v55.py:669,days_since_last_test divided by 365.,vehicle x prior test RECORD (module reads the packet prior list newest-first),"factory packets view (tgt_* + p_* + defects_json, factory/packets.py:53-58) -> feature_engineering_v55.engineer_features",prior_test,between_2_most_recent_priors,recency_days,divided by 365,inherits days_since_last_test,inherits,"as-of SAFE but D13-UNSAFE: the module reads tests[0] after a DATE-ONLY stable sort (autosafe/feature_engineering_v55.py:221), so the value depends on WITHIN-DAY record order, which this programme declares unidentified (FACTORY_CONTRACT.md:72-74)",none,all: float64 with NaN for NULL (fit_contract.py:267-268),"low per row, but the whole B0 frame is a second pass over the LONG packets view (factory/runners/b0_module_runner.py:167-195), parallel over vehicles",duplicate_redundant,"exactly days_since_last_test / 365.0 (autosafe/feature_engineering_v55.py:669), an affine transform of a shipped column"
station_fail_rate_smoothed,B0,autosafe/feature_engineering_v55.py:584,Testing-station fail rate; hardcoded default.,constant,"factory packets view (tgt_* + p_* + defects_json, factory/packets.py:53-58) -> feature_engineering_v55.engineer_features",station,lifetime,rate,n/a,n/a,n/a,"as-of SAFE: every packet prior carries p_date strictly < tgt_date, gated by factory/packets.py:161-174; prediction_date := tgt_date (factory/runners/b0_module_runner.py:138)",none,all: float64 with NaN for NULL (fit_contract.py:267-268),"low per row, but the whole B0 frame is a second pass over the LONG packets view (factory/runners/b0_module_runner.py:167-195), parallel over vehicles",absent,"HARDCODED 0.25 (autosafe/feature_engineering_v55.py:584). MEASURED flat4y/r1m n=999,999: range [0.25 .. 0.25], NULL 0.000%"
station_x_prev_outcome_fail_rate,B0,autosafe/feature_engineering_v55.py:585,Station x previous-outcome fail rate; hardcoded default.,constant,"factory packets view (tgt_* + p_* + defects_json, factory/packets.py:53-58) -> feature_engineering_v55.engineer_features",station x prev outcome,lifetime,rate,n/a,n/a,n/a,"as-of SAFE: every packet prior carries p_date strictly < tgt_date, gated by factory/packets.py:161-174; prediction_date := tgt_date (factory/runners/b0_module_runner.py:138)",none,all: float64 with NaN for NULL (fit_contract.py:267-268),"low per row, but the whole B0 frame is a second pass over the LONG packets view (factory/runners/b0_module_runner.py:167-195), parallel over vehicles",absent,"HARDCODED 0.25 (autosafe/feature_engineering_v55.py:585). MEASURED flat4y/r1m n=999,999: range [0.25 .. 0.25], NULL 0.000%"
multi_system_advisory_count,B0,autosafe/feature_engineering_v55.py:346,Number of distinct serving components (of five) carrying at least one prior advisory.,vehicle x prior ITEM,"factory packets view (tgt_* + p_* + defects_json, factory/packets.py:53-58) -> feature_engineering_v55.engineer_features",advisory,lifetime,distinct_families,raw count,0 = no advisory anywhere,n/a,"as-of SAFE: every packet prior carries p_date strictly < tgt_date, gated by factory/packets.py:161-174; prediction_date := tgt_date (factory/runners/b0_module_runner.py:138)","era-BRIDGED by design: severity->type first, disposition fallback (factory/runners/b0_module_runner.py:71-75), so pre-2018 F and post-2018 major both map to MAJOR; DANGEROUS and MINOR exist post-2018 only",all: float64 with NaN for NULL (fit_contract.py:267-268),"low per row, but the whole B0 frame is a second pass over the LONG packets view (factory/runners/b0_module_runner.py:167-195), parallel over vehicles",partial,distinct serving components (of 5) with an advisory (autosafe/feature_engineering_v55.py:345-346); the any-disposition twin is b2_breadth_categories (factory/blocks.py:127) at 8-category grain
n_prior_fails,B0,autosafe/feature_engineering_v55.py:399,Prior test RECORDS whose mapped result is FAILED.,vehicle x prior test RECORD (module reads the packet prior list newest-first),"factory packets view (tgt_* + p_* + defects_json, factory/packets.py:53-58) -> feature_engineering_v55.engineer_features",fail,lifetime,count,raw count,0 = never failed,n/a,"as-of SAFE: every packet prior carries p_date strictly < tgt_date, gated by factory/packets.py:161-174; prediction_date := tgt_date (factory/runners/b0_module_runner.py:138)",none,all: float64 with NaN for NULL (fit_contract.py:267-268),"low per row, but the whole B0 frame is a second pass over the LONG packets view (factory/runners/b0_module_runner.py:167-195), parallel over vehicles",equivalent,"the lifetime FAIL count at record grain over ALL test types (autosafe/feature_engineering_v55.py:398-399). B1's twin b1_n_prior_final_fails (factory/blocks.py:89) is NT-only and tagged research_only_input, so THIS is the only serving-safe prior-fail count in the 241. The two predicates genuinely differ (B1 requires test_type=='NT', factory/state.py:344; B0 does not, autosafe/feature_engineering_v55.py:398) so B0 also counts RETEST failures; both happen to range [0..23] on flat4y/r1m, so equality is a Phase-1 probe, not an established fact"
fails_last_365d,B0,autosafe/feature_engineering_v55.py:410,Prior FAILED test records within 365 days before the target date.,vehicle x prior test RECORD (module reads the packet prior list newest-first),"factory packets view (tgt_* + p_* + defects_json, factory/packets.py:53-58) -> feature_engineering_v55.engineer_features",fail,trailing_365d,count,raw count,0 = none in window,n/a,"as-of SAFE: every packet prior carries p_date strictly < tgt_date, gated by factory/packets.py:161-174; prediction_date := tgt_date (factory/runners/b0_module_runner.py:138)",none,all: float64 with NaN for NULL (fit_contract.py:267-268),"low per row, but the whole B0 frame is a second pass over the LONG packets view (factory/runners/b0_module_runner.py:167-195), parallel over vehicles",equivalent,"the ONLY trailing-12-month event count in the 241 (autosafe/feature_engineering_v55.py:410), measured back from tgt_date"
fails_last_730d,B0,autosafe/feature_engineering_v55.py:411,Prior FAILED test records within 730 days before the target date.,vehicle x prior test RECORD (module reads the packet prior list newest-first),"factory packets view (tgt_* + p_* + defects_json, factory/packets.py:53-58) -> feature_engineering_v55.engineer_features",fail,trailing_730d,count,raw count,0 = none in window,n/a,"as-of SAFE: every packet prior carries p_date strictly < tgt_date, gated by factory/packets.py:161-174; prediction_date := tgt_date (factory/runners/b0_module_runner.py:138)",none,all: float64 with NaN for NULL (fit_contract.py:267-268),"low per row, but the whole B0 frame is a second pass over the LONG packets view (factory/runners/b0_module_runner.py:167-195), parallel over vehicles",equivalent,the only trailing-24-month count on the fail axis (autosafe/feature_engineering_v55.py:411)
fail_rate_trend,B0,"autosafe/feature_engineering_v55.py:417,419",FAILED count among the 2 most recent priors minus the FAILED count among priors 3 and 4; 0 with fewer than 4 priors.,vehicle x prior test RECORD (module reads the packet prior list newest-first),"factory packets view (tgt_* + p_* + defects_json, factory/packets.py:53-58) -> feature_engineering_v55.engineer_features",fail,last2_tests_minus_tests3to4,amplitude,raw counts,0 = flat AND 0 = fewer than 4 priors,n/a,"as-of SAFE: every packet prior carries p_date strictly < tgt_date, gated by factory/packets.py:161-174; prediction_date := tgt_date (factory/runners/b0_module_runner.py:138)",none,all: float64 with NaN for NULL (fit_contract.py:267-268),"low per row, but the whole B0 frame is a second pass over the LONG packets view (factory/runners/b0_module_runner.py:167-195), parallel over vehicles",partial,"the nearest thing to 'recent-window rate minus older-window rate' (autosafe/feature_engineering_v55.py:414-419), but counts not rates, and the comparison window is tests 3-4, never lifetime"
recent_fail_intensity,B0,autosafe/feature_engineering_v55.py:422,Copy of fails_last_365d.,vehicle x prior test RECORD (module reads the packet prior list newest-first),"factory packets view (tgt_* + p_* + defects_json, factory/packets.py:53-58) -> feature_engineering_v55.engineer_features",fail,trailing_365d,count,raw count,as fails_last_365d,n/a,"as-of SAFE: every packet prior carries p_date strictly < tgt_date, gated by factory/packets.py:161-174; prediction_date := tgt_date (factory/runners/b0_module_runner.py:138)",none,all: float64 with NaN for NULL (fit_contract.py:267-268),"low per row, but the whole B0 frame is a second pass over the LONG packets view (factory/runners/b0_module_runner.py:167-195), parallel over vehicles",duplicate_redundant,EXACT copy: features['recent_fail_intensity'] = features['fails_last_365d'] (autosafe/feature_engineering_v55.py:422)
mdps_score,B0,autosafe/feature_engineering_v55.py:807,days_late divided by 365 (maintenance-deferral proxy).,vehicle x prior test RECORD (module reads the packet prior list newest-first),"factory packets view (tgt_* + p_* + defects_json, factory/packets.py:53-58) -> feature_engineering_v55.engineer_features",prior_test,since_synthetic_expiry,recency_days,divided by 365,0 = not late AND 0 = no synthetic expiry,n/a,"as-of SAFE: every packet prior carries p_date strictly < tgt_date, gated by factory/packets.py:161-174; prediction_date := tgt_date (factory/runners/b0_module_runner.py:138)",none,all: float64 with NaN for NULL (fit_contract.py:267-268),"low per row, but the whole B0 frame is a second pass over the LONG packets view (factory/runners/b0_module_runner.py:167-195), parallel over vehicles",duplicate_redundant,exactly days_late / 365 (autosafe/feature_engineering_v55.py:807)
front_end_advisory_intensity,B0,autosafe/feature_engineering_v55.py:787,"Sum of the steering, suspension and tyres advisory item counts.",vehicle x prior ITEM,"factory packets view (tgt_* + p_* + defects_json, factory/packets.py:53-58) -> feature_engineering_v55.engineer_features",advisory:steering+suspension+tyres,lifetime,count,raw count,0 = none of the three,n/a,"as-of SAFE: every packet prior carries p_date strictly < tgt_date, gated by factory/packets.py:161-174; prediction_date := tgt_date (factory/runners/b0_module_runner.py:138)","era-BRIDGED by design: severity->type first, disposition fallback (factory/runners/b0_module_runner.py:71-75), so pre-2018 F and post-2018 major both map to MAJOR; DANGEROUS and MINOR exist post-2018 only",all: float64 with NaN for NULL (fit_contract.py:267-268),"low per row, but the whole B0 frame is a second pass over the LONG packets view (factory/runners/b0_module_runner.py:167-195), parallel over vehicles",duplicate_redundant,exact sum of three shipped columns (autosafe/feature_engineering_v55.py:787-791)
brake_system_stress,B0,autosafe/feature_engineering_v55.py:797,prev_adv_brakes plus log1p(n_prior_tests)/3.,vehicle x prior test RECORD (module reads the packet prior list newest-first),"factory packets view (tgt_* + p_* + defects_json, factory/packets.py:53-58) -> feature_engineering_v55.engineer_features",advisory:brakes,lifetime,count,+ log1p(n_prior_tests)/3,not zero-separable,n/a,"as-of SAFE: every packet prior carries p_date strictly < tgt_date, gated by factory/packets.py:161-174; prediction_date := tgt_date (factory/runners/b0_module_runner.py:138)","era-BRIDGED by design: severity->type first, disposition fallback (factory/runners/b0_module_runner.py:71-75), so pre-2018 F and post-2018 major both map to MAJOR; DANGEROUS and MINOR exist post-2018 only",all: float64 with NaN for NULL (fit_contract.py:267-268),"low per row, but the whole B0 frame is a second pass over the LONG packets view (factory/runners/b0_module_runner.py:167-195), parallel over vehicles",duplicate_redundant,prev_adv_brakes + log1p(n_prior_tests)/3.0 (autosafe/feature_engineering_v55.py:795-797); both terms ship separately
commercial_wear_proxy,B0,autosafe/feature_engineering_v55.py:804,log1p(annualized_mileage_v2/10000) + days overdue past 365 + log1p(n_prior_tests)/3.,vehicle x prior test RECORD (module reads the packet prior list newest-first),"factory packets view (tgt_* + p_* + defects_json, factory/packets.py:53-58) -> feature_engineering_v55.engineer_features",mileage_reading|prior_test,mixed,composite,mixed,not zero-separable,n/a,"as-of SAFE: every packet prior carries p_date strictly < tgt_date, gated by factory/packets.py:161-174; prediction_date := tgt_date (factory/runners/b0_module_runner.py:138)","YES: pre-2022 test_mileage is unit-ambiguous (km contamination, no unit column, docs/v58/assessment_2026_08/DATA_ASSESSMENT.md:170-172) and the runner hardcodes odometer_unit='mi' (factory/runners/b0_module_runner.py:121), so the module's km->mi branch never fires. flat4y spans 2020-2023, straddling the 2022 upstream correction",all: float64 with NaN for NULL (fit_contract.py:267-268),"low per row, but the whole B0 frame is a second pass over the LONG packets view (factory/runners/b0_module_runner.py:167-195), parallel over vehicles",duplicate_redundant,log1p(annualized_mileage_v2/10000) + days overdue + log1p(n_prior_tests)/3 (autosafe/feature_engineering_v55.py:801-804); every term is a shipped column
usage_band_hybrid,B0,"autosafe/feature_engineering_v55.py:596,607,610,613,616",Band of annualized_mileage_v2 (low/average/high/very_high); 'average' on every default path.,vehicle x prior test RECORD (module reads the packet prior list newest-first),"factory packets view (tgt_* + p_* + defects_json, factory/packets.py:53-58) -> feature_engineering_v55.engineer_features",mileage_reading,between_2_most_recent_priors,band,per year,n/a,"sentinel band 'average' on every default path (autosafe/feature_engineering_v55.py:596,610,613,616)","as-of SAFE but D13-UNSAFE: the module reads tests[0] after a DATE-ONLY stable sort (autosafe/feature_engineering_v55.py:221), so the value depends on WITHIN-DAY record order, which this programme declares unidentified (FACTORY_CONTRACT.md:72-74)","YES: pre-2022 test_mileage is unit-ambiguous (km contamination, no unit column, docs/v58/assessment_2026_08/DATA_ASSESSMENT.md:170-172) and the runner hardcodes odometer_unit='mi' (factory/runners/b0_module_runner.py:121), so the module's km->mi branch never fires. flat4y spans 2020-2023, straddling the 2022 upstream correction",tree-native categorical (CatBoost/LightGBM cat_features); MLP/RealMLP and context models need an explicit encoder (fit_contract.py:249-268),"low per row, but the whole B0 frame is a second pass over the LONG packets view (factory/runners/b0_module_runner.py:167-195), parallel over vehicles",unsafe_ambiguous,"band of annualized_mileage_v2, same sentinel"
has_prior_advisory_brakes,B0,"autosafe/feature_engineering_v55.py:351,353",1 when any prior test carried a brakes advisory.,vehicle x prior test RECORD (module reads the packet prior list newest-first),"factory packets view (tgt_* + p_* + defects_json, factory/packets.py:53-58) -> feature_engineering_v55.engineer_features",advisory:brakes,lifetime,presence,n/a,0 = never,n/a,"as-of SAFE: every packet prior carries p_date strictly < tgt_date, gated by factory/packets.py:161-174; prediction_date := tgt_date (factory/runners/b0_module_runner.py:138)","era-BRIDGED by design: severity->type first, disposition fallback (factory/runners/b0_module_runner.py:71-75), so pre-2018 F and post-2018 major both map to MAJOR; DANGEROUS and MINOR exist post-2018 only",all: float64 with NaN for NULL (fit_contract.py:267-268),"low per row, but the whole B0 frame is a second pass over the LONG packets view (factory/runners/b0_module_runner.py:167-195), parallel over vehicles",partial,"3 of 5 serving components, no window variants. defect text := catalogue SECTION name (factory/runners/b0_module_runner.py:78-85; queue.txt uses --defect-text-source section on all six B0 builds); the v58 lake carries NO defect free text (DATA_ASSESSMENT s4)"
tests_since_last_advisory_brakes,B0,"autosafe/feature_engineering_v55.py:351,361,365",Number of prior test records newer than the most recent brakes advisory; NaN when never.,vehicle x prior test RECORD (module reads the packet prior list newest-first),"factory packets view (tgt_* + p_* + defects_json, factory/packets.py:53-58) -> feature_engineering_v55.engineer_features",advisory:brakes,lifetime,recency_tests,intervening prior RECORDS,0 = advisory on the most recent prior record,"NaN when never observed (autosafe/feature_engineering_v55.py:365), correctly distinct from 0","as-of SAFE: every packet prior carries p_date strictly < tgt_date, gated by factory/packets.py:161-174; prediction_date := tgt_date (factory/runners/b0_module_runner.py:138)","era-BRIDGED by design: severity->type first, disposition fallback (factory/runners/b0_module_runner.py:71-75), so pre-2018 F and post-2018 major both map to MAJOR; DANGEROUS and MINOR exist post-2018 only",all: float64 with NaN for NULL (fit_contract.py:267-268),"low per row, but the whole B0 frame is a second pass over the LONG packets view (factory/runners/b0_module_runner.py:167-195), parallel over vehicles",partial,"INTERVENING-TESTS recency exists ONLY here and in the failure twin: 6 columns over 3 components. No B1-B6 category, severity or outcome has an intervening-tests recency"
advisory_in_last_1_brakes,B0,"autosafe/feature_engineering_v55.py:351,369",1 when the single most recent prior test record carried a brakes advisory.,vehicle x prior test RECORD (module reads the packet prior list newest-first),"factory packets view (tgt_* + p_* + defects_json, factory/packets.py:53-58) -> feature_engineering_v55.engineer_features",advisory:brakes,last_1_test,presence,n/a,0 = not on the single most recent prior record,n/a,"as-of SAFE but D13-UNSAFE: the module reads tests[0] after a DATE-ONLY stable sort (autosafe/feature_engineering_v55.py:221), so the value depends on WITHIN-DAY record order, which this programme declares unidentified (FACTORY_CONTRACT.md:72-74)","era-BRIDGED by design: severity->type first, disposition fallback (factory/runners/b0_module_runner.py:71-75), so pre-2018 F and post-2018 major both map to MAJOR; DANGEROUS and MINOR exist post-2018 only",all: float64 with NaN for NULL (fit_contract.py:267-268),"low per row, but the whole B0 frame is a second pass over the LONG packets view (factory/runners/b0_module_runner.py:167-195), parallel over vehicles",unsafe_ambiguous,the last-1-TEST window exists only here (autosafe/feature_engineering_v55.py:369) and it reads tests[:1]
advisory_in_last_2_brakes,B0,"autosafe/feature_engineering_v55.py:351,372",1 when either of the 2 most recent prior test records carried a brakes advisory.,vehicle x prior test RECORD (module reads the packet prior list newest-first),"factory packets view (tgt_* + p_* + defects_json, factory/packets.py:53-58) -> feature_engineering_v55.engineer_features",advisory:brakes,last_2_tests,presence,n/a,0 = not in the 2 most recent prior records,n/a,"as-of SAFE: every packet prior carries p_date strictly < tgt_date, gated by factory/packets.py:161-174; prediction_date := tgt_date (factory/runners/b0_module_runner.py:138)","era-BRIDGED by design: severity->type first, disposition fallback (factory/runners/b0_module_runner.py:71-75), so pre-2018 F and post-2018 major both map to MAJOR; DANGEROUS and MINOR exist post-2018 only",all: float64 with NaN for NULL (fit_contract.py:267-268),"low per row, but the whole B0 frame is a second pass over the LONG packets view (factory/runners/b0_module_runner.py:167-195), parallel over vehicles",partial,the last-2-TESTS window exists only here (autosafe/feature_engineering_v55.py:372); on a multi-test day the 2-record window collapses onto one calendar day
advisory_streak_len_brakes,B0,"autosafe/feature_engineering_v55.py:351,381",Consecutive most-recent prior test records carrying a brakes advisory (current streak).,vehicle x prior test RECORD (module reads the packet prior list newest-first),"factory packets view (tgt_* + p_* + defects_json, factory/packets.py:53-58) -> feature_engineering_v55.engineer_features",advisory:brakes,current_run,streak_current,consecutive most-recent prior RECORDS,0 = the most recent record carried no such advisory,n/a,"as-of SAFE: every packet prior carries p_date strictly < tgt_date, gated by factory/packets.py:161-174; prediction_date := tgt_date (factory/runners/b0_module_runner.py:138)","era-BRIDGED by design: severity->type first, disposition fallback (factory/runners/b0_module_runner.py:71-75), so pre-2018 F and post-2018 major both map to MAJOR; DANGEROUS and MINOR exist post-2018 only",all: float64 with NaN for NULL (fit_contract.py:267-268),"low per row, but the whole B0 frame is a second pass over the LONG packets view (factory/runners/b0_module_runner.py:167-195), parallel over vehicles",partial,CURRENT streak (autosafe/feature_engineering_v55.py:375-381). No longest-streak twin for advisories; b2_*_max_run (factory/blocks.py:123) is longest-run over ANY-disposition items at day grain
has_prior_advisory_tyres,B0,"autosafe/feature_engineering_v55.py:351,353",1 when any prior test carried a tyres advisory.,vehicle x prior test RECORD (module reads the packet prior list newest-first),"factory packets view (tgt_* + p_* + defects_json, factory/packets.py:53-58) -> feature_engineering_v55.engineer_features",advisory:tyres,lifetime,presence,n/a,0 = never,n/a,"as-of SAFE: every packet prior carries p_date strictly < tgt_date, gated by factory/packets.py:161-174; prediction_date := tgt_date (factory/runners/b0_module_runner.py:138)","era-BRIDGED by design: severity->type first, disposition fallback (factory/runners/b0_module_runner.py:71-75), so pre-2018 F and post-2018 major both map to MAJOR; DANGEROUS and MINOR exist post-2018 only",all: float64 with NaN for NULL (fit_contract.py:267-268),"low per row, but the whole B0 frame is a second pass over the LONG packets view (factory/runners/b0_module_runner.py:167-195), parallel over vehicles",partial,"3 of 5 serving components, no window variants. defect text := catalogue SECTION name (factory/runners/b0_module_runner.py:78-85; queue.txt uses --defect-text-source section on all six B0 builds); the v58 lake carries NO defect free text (DATA_ASSESSMENT s4)"
miles_since_last_advisory_tyres,B0,"autosafe/feature_engineering_v55.py:385,391,393","Nominally miles since the last tyres advisory; actually min(8000, test_mileage // n_prior_tests), else 0.",vehicle x prior test RECORD (module reads the packet prior list newest-first),"factory packets view (tgt_* + p_* + defects_json, factory/packets.py:53-58) -> feature_engineering_v55.engineer_features",advisory:tyres,lifetime,recency_miles,none,0 = no advisory OR no mileage OR mileage<=0 - three states share one value,no missing marker,"as-of SAFE: every packet prior carries p_date strictly < tgt_date, gated by factory/packets.py:161-174; prediction_date := tgt_date (factory/runners/b0_module_runner.py:138)","YES: pre-2022 test_mileage is unit-ambiguous (km contamination, no unit column, docs/v58/assessment_2026_08/DATA_ASSESSMENT.md:170-172) and the runner hardcodes odometer_unit='mi' (factory/runners/b0_module_runner.py:121), so the module's km->mi branch never fires. flat4y spans 2020-2023, straddling the 2022 upstream correction",all: float64 with NaN for NULL (fit_contract.py:267-268),"low per row, but the whole B0 frame is a second pass over the LONG packets view (factory/runners/b0_module_runner.py:167-195), parallel over vehicles",unsafe_ambiguous,"FABRICATED: the value is min(8000, test_mileage // n_prior_tests) (autosafe/feature_engineering_v55.py:387-393); it is not miles since anything. These 2 columns are the ONLY occupants of the recency-in-MILES axis. MEASURED flat4y/r1m n=999,999: range [0.0 .. 8000.0], NULL 0.000%"
tests_since_last_advisory_tyres,B0,"autosafe/feature_engineering_v55.py:351,361,365",Prior test records newer than the most recent tyres advisory; NaN when never.,vehicle x prior test RECORD (module reads the packet prior list newest-first),"factory packets view (tgt_* + p_* + defects_json, factory/packets.py:53-58) -> feature_engineering_v55.engineer_features",advisory:tyres,lifetime,recency_tests,intervening prior RECORDS,0 = advisory on the most recent prior record,"NaN when never observed (autosafe/feature_engineering_v55.py:365), correctly distinct from 0","as-of SAFE: every packet prior carries p_date strictly < tgt_date, gated by factory/packets.py:161-174; prediction_date := tgt_date (factory/runners/b0_module_runner.py:138)","era-BRIDGED by design: severity->type first, disposition fallback (factory/runners/b0_module_runner.py:71-75), so pre-2018 F and post-2018 major both map to MAJOR; DANGEROUS and MINOR exist post-2018 only",all: float64 with NaN for NULL (fit_contract.py:267-268),"low per row, but the whole B0 frame is a second pass over the LONG packets view (factory/runners/b0_module_runner.py:167-195), parallel over vehicles",partial,"INTERVENING-TESTS recency exists ONLY here and in the failure twin: 6 columns over 3 components. No B1-B6 category, severity or outcome has an intervening-tests recency"
advisory_in_last_1_tyres,B0,"autosafe/feature_engineering_v55.py:351,369",1 when the most recent prior test record carried a tyres advisory.,vehicle x prior test RECORD (module reads the packet prior list newest-first),"factory packets view (tgt_* + p_* + defects_json, factory/packets.py:53-58) -> feature_engineering_v55.engineer_features",advisory:tyres,last_1_test,presence,n/a,0 = not on the single most recent prior record,n/a,"as-of SAFE but D13-UNSAFE: the module reads tests[0] after a DATE-ONLY stable sort (autosafe/feature_engineering_v55.py:221), so the value depends on WITHIN-DAY record order, which this programme declares unidentified (FACTORY_CONTRACT.md:72-74)","era-BRIDGED by design: severity->type first, disposition fallback (factory/runners/b0_module_runner.py:71-75), so pre-2018 F and post-2018 major both map to MAJOR; DANGEROUS and MINOR exist post-2018 only",all: float64 with NaN for NULL (fit_contract.py:267-268),"low per row, but the whole B0 frame is a second pass over the LONG packets view (factory/runners/b0_module_runner.py:167-195), parallel over vehicles",unsafe_ambiguous,the last-1-TEST window exists only here (autosafe/feature_engineering_v55.py:369) and it reads tests[:1]
advisory_in_last_2_tyres,B0,"autosafe/feature_engineering_v55.py:351,372",1 when either of the 2 most recent prior records carried a tyres advisory.,vehicle x prior test RECORD (module reads the packet prior list newest-first),"factory packets view (tgt_* + p_* + defects_json, factory/packets.py:53-58) -> feature_engineering_v55.engineer_features",advisory:tyres,last_2_tests,presence,n/a,0 = not in the 2 most recent prior records,n/a,"as-of SAFE: every packet prior carries p_date strictly < tgt_date, gated by factory/packets.py:161-174; prediction_date := tgt_date (factory/runners/b0_module_runner.py:138)","era-BRIDGED by design: severity->type first, disposition fallback (factory/runners/b0_module_runner.py:71-75), so pre-2018 F and post-2018 major both map to MAJOR; DANGEROUS and MINOR exist post-2018 only",all: float64 with NaN for NULL (fit_contract.py:267-268),"low per row, but the whole B0 frame is a second pass over the LONG packets view (factory/runners/b0_module_runner.py:167-195), parallel over vehicles",partial,the last-2-TESTS window exists only here (autosafe/feature_engineering_v55.py:372); on a multi-test day the 2-record window collapses onto one calendar day
advisory_streak_len_tyres,B0,"autosafe/feature_engineering_v55.py:351,381",Current consecutive-record tyres advisory streak.,vehicle x prior test RECORD (module reads the packet prior list newest-first),"factory packets view (tgt_* + p_* + defects_json, factory/packets.py:53-58) -> feature_engineering_v55.engineer_features",advisory:tyres,current_run,streak_current,consecutive most-recent prior RECORDS,0 = the most recent record carried no such advisory,n/a,"as-of SAFE: every packet prior carries p_date strictly < tgt_date, gated by factory/packets.py:161-174; prediction_date := tgt_date (factory/runners/b0_module_runner.py:138)","era-BRIDGED by design: severity->type first, disposition fallback (factory/runners/b0_module_runner.py:71-75), so pre-2018 F and post-2018 major both map to MAJOR; DANGEROUS and MINOR exist post-2018 only",all: float64 with NaN for NULL (fit_contract.py:267-268),"low per row, but the whole B0 frame is a second pass over the LONG packets view (factory/runners/b0_module_runner.py:167-195), parallel over vehicles",partial,CURRENT streak (autosafe/feature_engineering_v55.py:375-381). No longest-streak twin for advisories; b2_*_max_run (factory/blocks.py:123) is longest-run over ANY-disposition items at day grain
has_prior_advisory_suspension,B0,"autosafe/feature_engineering_v55.py:351,353",1 when any prior test carried a suspension advisory.,vehicle x prior test RECORD (module reads the packet prior list newest-first),"factory packets view (tgt_* + p_* + defects_json, factory/packets.py:53-58) -> feature_engineering_v55.engineer_features",advisory:suspension,lifetime,presence,n/a,0 = never,n/a,"as-of SAFE: every packet prior carries p_date strictly < tgt_date, gated by factory/packets.py:161-174; prediction_date := tgt_date (factory/runners/b0_module_runner.py:138)","era-BRIDGED by design: severity->type first, disposition fallback (factory/runners/b0_module_runner.py:71-75), so pre-2018 F and post-2018 major both map to MAJOR; DANGEROUS and MINOR exist post-2018 only",all: float64 with NaN for NULL (fit_contract.py:267-268),"low per row, but the whole B0 frame is a second pass over the LONG packets view (factory/runners/b0_module_runner.py:167-195), parallel over vehicles",partial,"3 of 5 serving components, no window variants. defect text := catalogue SECTION name (factory/runners/b0_module_runner.py:78-85; queue.txt uses --defect-text-source section on all six B0 builds); the v58 lake carries NO defect free text (DATA_ASSESSMENT s4)"
miles_since_last_advisory_suspension,B0,"autosafe/feature_engineering_v55.py:385,391,393","Nominally miles since the last suspension advisory; actually min(8000, test_mileage // n_prior_tests), else 0.",vehicle x prior test RECORD (module reads the packet prior list newest-first),"factory packets view (tgt_* + p_* + defects_json, factory/packets.py:53-58) -> feature_engineering_v55.engineer_features",advisory:suspension,lifetime,recency_miles,none,0 = no advisory OR no mileage OR mileage<=0 - three states share one value,no missing marker,"as-of SAFE: every packet prior carries p_date strictly < tgt_date, gated by factory/packets.py:161-174; prediction_date := tgt_date (factory/runners/b0_module_runner.py:138)","YES: pre-2022 test_mileage is unit-ambiguous (km contamination, no unit column, docs/v58/assessment_2026_08/DATA_ASSESSMENT.md:170-172) and the runner hardcodes odometer_unit='mi' (factory/runners/b0_module_runner.py:121), so the module's km->mi branch never fires. flat4y spans 2020-2023, straddling the 2022 upstream correction",all: float64 with NaN for NULL (fit_contract.py:267-268),"low per row, but the whole B0 frame is a second pass over the LONG packets view (factory/runners/b0_module_runner.py:167-195), parallel over vehicles",unsafe_ambiguous,"FABRICATED: the value is min(8000, test_mileage // n_prior_tests) (autosafe/feature_engineering_v55.py:387-393); it is not miles since anything. These 2 columns are the ONLY occupants of the recency-in-MILES axis. MEASURED flat4y/r1m n=999,999: range [0.0 .. 8000.0], NULL 0.000%"
tests_since_last_advisory_suspension,B0,"autosafe/feature_engineering_v55.py:351,361,365",Prior test records newer than the most recent suspension advisory; NaN when never.,vehicle x prior test RECORD (module reads the packet prior list newest-first),"factory packets view (tgt_* + p_* + defects_json, factory/packets.py:53-58) -> feature_engineering_v55.engineer_features",advisory:suspension,lifetime,recency_tests,intervening prior RECORDS,0 = advisory on the most recent prior record,"NaN when never observed (autosafe/feature_engineering_v55.py:365), correctly distinct from 0","as-of SAFE: every packet prior carries p_date strictly < tgt_date, gated by factory/packets.py:161-174; prediction_date := tgt_date (factory/runners/b0_module_runner.py:138)","era-BRIDGED by design: severity->type first, disposition fallback (factory/runners/b0_module_runner.py:71-75), so pre-2018 F and post-2018 major both map to MAJOR; DANGEROUS and MINOR exist post-2018 only",all: float64 with NaN for NULL (fit_contract.py:267-268),"low per row, but the whole B0 frame is a second pass over the LONG packets view (factory/runners/b0_module_runner.py:167-195), parallel over vehicles",partial,"INTERVENING-TESTS recency exists ONLY here and in the failure twin: 6 columns over 3 components. No B1-B6 category, severity or outcome has an intervening-tests recency"
advisory_in_last_1_suspension,B0,"autosafe/feature_engineering_v55.py:351,369",1 when the most recent prior test record carried a suspension advisory.,vehicle x prior test RECORD (module reads the packet prior list newest-first),"factory packets view (tgt_* + p_* + defects_json, factory/packets.py:53-58) -> feature_engineering_v55.engineer_features",advisory:suspension,last_1_test,presence,n/a,0 = not on the single most recent prior record,n/a,"as-of SAFE but D13-UNSAFE: the module reads tests[0] after a DATE-ONLY stable sort (autosafe/feature_engineering_v55.py:221), so the value depends on WITHIN-DAY record order, which this programme declares unidentified (FACTORY_CONTRACT.md:72-74)","era-BRIDGED by design: severity->type first, disposition fallback (factory/runners/b0_module_runner.py:71-75), so pre-2018 F and post-2018 major both map to MAJOR; DANGEROUS and MINOR exist post-2018 only",all: float64 with NaN for NULL (fit_contract.py:267-268),"low per row, but the whole B0 frame is a second pass over the LONG packets view (factory/runners/b0_module_runner.py:167-195), parallel over vehicles",unsafe_ambiguous,the last-1-TEST window exists only here (autosafe/feature_engineering_v55.py:369) and it reads tests[:1]
advisory_in_last_2_suspension,B0,"autosafe/feature_engineering_v55.py:351,372",1 when either of the 2 most recent prior records carried a suspension advisory.,vehicle x prior test RECORD (module reads the packet prior list newest-first),"factory packets view (tgt_* + p_* + defects_json, factory/packets.py:53-58) -> feature_engineering_v55.engineer_features",advisory:suspension,last_2_tests,presence,n/a,0 = not in the 2 most recent prior records,n/a,"as-of SAFE: every packet prior carries p_date strictly < tgt_date, gated by factory/packets.py:161-174; prediction_date := tgt_date (factory/runners/b0_module_runner.py:138)","era-BRIDGED by design: severity->type first, disposition fallback (factory/runners/b0_module_runner.py:71-75), so pre-2018 F and post-2018 major both map to MAJOR; DANGEROUS and MINOR exist post-2018 only",all: float64 with NaN for NULL (fit_contract.py:267-268),"low per row, but the whole B0 frame is a second pass over the LONG packets view (factory/runners/b0_module_runner.py:167-195), parallel over vehicles",partial,the last-2-TESTS window exists only here (autosafe/feature_engineering_v55.py:372); on a multi-test day the 2-record window collapses onto one calendar day
advisory_streak_len_suspension,B0,"autosafe/feature_engineering_v55.py:351,381",Current consecutive-record suspension advisory streak.,vehicle x prior test RECORD (module reads the packet prior list newest-first),"factory packets view (tgt_* + p_* + defects_json, factory/packets.py:53-58) -> feature_engineering_v55.engineer_features",advisory:suspension,current_run,streak_current,consecutive most-recent prior RECORDS,0 = the most recent record carried no such advisory,n/a,"as-of SAFE: every packet prior carries p_date strictly < tgt_date, gated by factory/packets.py:161-174; prediction_date := tgt_date (factory/runners/b0_module_runner.py:138)","era-BRIDGED by design: severity->type first, disposition fallback (factory/runners/b0_module_runner.py:71-75), so pre-2018 F and post-2018 major both map to MAJOR; DANGEROUS and MINOR exist post-2018 only",all: float64 with NaN for NULL (fit_contract.py:267-268),"low per row, but the whole B0 frame is a second pass over the LONG packets view (factory/runners/b0_module_runner.py:167-195), parallel over vehicles",partial,CURRENT streak (autosafe/feature_engineering_v55.py:375-381). No longest-streak twin for advisories; b2_*_max_run (factory/blocks.py:123) is longest-run over ANY-disposition items at day grain
has_prior_failure_brakes,B0,"autosafe/feature_engineering_v55.py:438,459",1 when the brakes component's most recent event (walking priors newest-first) was a failure rather than an advisory.,vehicle x prior test RECORD (module reads the packet prior list newest-first),"factory packets view (tgt_* + p_* + defects_json, factory/packets.py:53-58) -> feature_engineering_v55.engineer_features",fail:brakes,current_state,latest,n/a,"0 = the component's most recent event was an advisory, or it had none",n/a,"as-of SAFE: every packet prior carries p_date strictly < tgt_date, gated by factory/packets.py:161-174; prediction_date := tgt_date (factory/runners/b0_module_runner.py:138)","era-BRIDGED by design: severity->type first, disposition fallback (factory/runners/b0_module_runner.py:71-75), so pre-2018 F and post-2018 major both map to MAJOR; DANGEROUS and MINOR exist post-2018 only",all: float64 with NaN for NULL (fit_contract.py:267-268),"low per row, but the whole B0 frame is a second pass over the LONG packets view (factory/runners/b0_module_runner.py:167-195), parallel over vehicles",partial,"'the component's CURRENT state is failure' (autosafe/feature_engineering_v55.py:441-459), a genuinely distinct concept from has_ever_failed_*, repaired 2026-08-08; walks records newest-first"
has_ever_failed_brakes,B0,"autosafe/feature_engineering_v55.py:438,440",1 when any prior FAILED test carried a failure-vocabulary brakes defect.,vehicle x prior test RECORD (module reads the packet prior list newest-first),"factory packets view (tgt_* + p_* + defects_json, factory/packets.py:53-58) -> feature_engineering_v55.engineer_features",fail:brakes,lifetime,presence,n/a,0 = never,n/a,"as-of SAFE: every packet prior carries p_date strictly < tgt_date, gated by factory/packets.py:161-174; prediction_date := tgt_date (factory/runners/b0_module_runner.py:138)","era-BRIDGED by design: severity->type first, disposition fallback (factory/runners/b0_module_runner.py:71-75), so pre-2018 F and post-2018 major both map to MAJOR; DANGEROUS and MINOR exist post-2018 only",all: float64 with NaN for NULL (fit_contract.py:267-268),"low per row, but the whole B0 frame is a second pass over the LONG packets view (factory/runners/b0_module_runner.py:167-195), parallel over vehicles",partial,"3 of 5 serving components, lifetime only. defect text := catalogue SECTION name (factory/runners/b0_module_runner.py:78-85; queue.txt uses --defect-text-source section on all six B0 builds); the v58 lake carries NO defect free text (DATA_ASSESSMENT s4)"
failure_streak_len_brakes,B0,"autosafe/feature_engineering_v55.py:438,468",Consecutive most-recent prior test records carrying a brakes failure (current streak).,vehicle x prior test RECORD (module reads the packet prior list newest-first),"factory packets view (tgt_* + p_* + defects_json, factory/packets.py:53-58) -> feature_engineering_v55.engineer_features",fail:brakes,current_run,streak_current,consecutive most-recent prior RECORDS,0 = the most recent record carried no such failure,n/a,"as-of SAFE: every packet prior carries p_date strictly < tgt_date, gated by factory/packets.py:161-174; prediction_date := tgt_date (factory/runners/b0_module_runner.py:138)","era-BRIDGED by design: severity->type first, disposition fallback (factory/runners/b0_module_runner.py:71-75), so pre-2018 F and post-2018 major both map to MAJOR; DANGEROUS and MINOR exist post-2018 only",all: float64 with NaN for NULL (fit_contract.py:267-268),"low per row, but the whole B0 frame is a second pass over the LONG packets view (factory/runners/b0_module_runner.py:167-195), parallel over vehicles",partial,CURRENT failure streak (autosafe/feature_engineering_v55.py:462-468); no longest-streak twin
tests_since_last_failure_brakes,B0,"autosafe/feature_engineering_v55.py:438,473,476",Prior test records newer than the most recent brakes failure; NaN when never.,vehicle x prior test RECORD (module reads the packet prior list newest-first),"factory packets view (tgt_* + p_* + defects_json, factory/packets.py:53-58) -> feature_engineering_v55.engineer_features",fail:brakes,lifetime,recency_tests,intervening prior RECORDS,0 = failure on the most recent record,NaN when never (autosafe/feature_engineering_v55.py:476),"as-of SAFE: every packet prior carries p_date strictly < tgt_date, gated by factory/packets.py:161-174; prediction_date := tgt_date (factory/runners/b0_module_runner.py:138)","era-BRIDGED by design: severity->type first, disposition fallback (factory/runners/b0_module_runner.py:71-75), so pre-2018 F and post-2018 major both map to MAJOR; DANGEROUS and MINOR exist post-2018 only",all: float64 with NaN for NULL (fit_contract.py:267-268),"low per row, but the whole B0 frame is a second pass over the LONG packets view (factory/runners/b0_module_runner.py:167-195), parallel over vehicles",partial,the second of the two intervening-tests recency families
has_prior_failure_tyres,B0,"autosafe/feature_engineering_v55.py:438,459",1 when the tyres component's most recent event was a failure.,vehicle x prior test RECORD (module reads the packet prior list newest-first),"factory packets view (tgt_* + p_* + defects_json, factory/packets.py:53-58) -> feature_engineering_v55.engineer_features",fail:tyres,current_state,latest,n/a,"0 = the component's most recent event was an advisory, or it had none",n/a,"as-of SAFE: every packet prior carries p_date strictly < tgt_date, gated by factory/packets.py:161-174; prediction_date := tgt_date (factory/runners/b0_module_runner.py:138)","era-BRIDGED by design: severity->type first, disposition fallback (factory/runners/b0_module_runner.py:71-75), so pre-2018 F and post-2018 major both map to MAJOR; DANGEROUS and MINOR exist post-2018 only",all: float64 with NaN for NULL (fit_contract.py:267-268),"low per row, but the whole B0 frame is a second pass over the LONG packets view (factory/runners/b0_module_runner.py:167-195), parallel over vehicles",partial,"'the component's CURRENT state is failure' (autosafe/feature_engineering_v55.py:441-459), a genuinely distinct concept from has_ever_failed_*, repaired 2026-08-08; walks records newest-first"
has_ever_failed_tyres,B0,"autosafe/feature_engineering_v55.py:438,440",1 when any prior FAILED test carried a tyres failure.,vehicle x prior test RECORD (module reads the packet prior list newest-first),"factory packets view (tgt_* + p_* + defects_json, factory/packets.py:53-58) -> feature_engineering_v55.engineer_features",fail:tyres,lifetime,presence,n/a,0 = never,n/a,"as-of SAFE: every packet prior carries p_date strictly < tgt_date, gated by factory/packets.py:161-174; prediction_date := tgt_date (factory/runners/b0_module_runner.py:138)","era-BRIDGED by design: severity->type first, disposition fallback (factory/runners/b0_module_runner.py:71-75), so pre-2018 F and post-2018 major both map to MAJOR; DANGEROUS and MINOR exist post-2018 only",all: float64 with NaN for NULL (fit_contract.py:267-268),"low per row, but the whole B0 frame is a second pass over the LONG packets view (factory/runners/b0_module_runner.py:167-195), parallel over vehicles",partial,"3 of 5 serving components, lifetime only. defect text := catalogue SECTION name (factory/runners/b0_module_runner.py:78-85; queue.txt uses --defect-text-source section on all six B0 builds); the v58 lake carries NO defect free text (DATA_ASSESSMENT s4)"
failure_streak_len_tyres,B0,"autosafe/feature_engineering_v55.py:438,468",Current consecutive-record tyres failure streak.,vehicle x prior test RECORD (module reads the packet prior list newest-first),"factory packets view (tgt_* + p_* + defects_json, factory/packets.py:53-58) -> feature_engineering_v55.engineer_features",fail:tyres,current_run,streak_current,consecutive most-recent prior RECORDS,0 = the most recent record carried no such failure,n/a,"as-of SAFE: every packet prior carries p_date strictly < tgt_date, gated by factory/packets.py:161-174; prediction_date := tgt_date (factory/runners/b0_module_runner.py:138)","era-BRIDGED by design: severity->type first, disposition fallback (factory/runners/b0_module_runner.py:71-75), so pre-2018 F and post-2018 major both map to MAJOR; DANGEROUS and MINOR exist post-2018 only",all: float64 with NaN for NULL (fit_contract.py:267-268),"low per row, but the whole B0 frame is a second pass over the LONG packets view (factory/runners/b0_module_runner.py:167-195), parallel over vehicles",partial,CURRENT failure streak (autosafe/feature_engineering_v55.py:462-468); no longest-streak twin
tests_since_last_failure_tyres,B0,"autosafe/feature_engineering_v55.py:438,473,476",Prior test records newer than the most recent tyres failure; NaN when never.,vehicle x prior test RECORD (module reads the packet prior list newest-first),"factory packets view (tgt_* + p_* + defects_json, factory/packets.py:53-58) -> feature_engineering_v55.engineer_features",fail:tyres,lifetime,recency_tests,intervening prior RECORDS,0 = failure on the most recent record,NaN when never (autosafe/feature_engineering_v55.py:476),"as-of SAFE: every packet prior carries p_date strictly < tgt_date, gated by factory/packets.py:161-174; prediction_date := tgt_date (factory/runners/b0_module_runner.py:138)","era-BRIDGED by design: severity->type first, disposition fallback (factory/runners/b0_module_runner.py:71-75), so pre-2018 F and post-2018 major both map to MAJOR; DANGEROUS and MINOR exist post-2018 only",all: float64 with NaN for NULL (fit_contract.py:267-268),"low per row, but the whole B0 frame is a second pass over the LONG packets view (factory/runners/b0_module_runner.py:167-195), parallel over vehicles",partial,the second of the two intervening-tests recency families
has_prior_failure_suspension,B0,"autosafe/feature_engineering_v55.py:438,459",1 when the suspension component's most recent event was a failure.,vehicle x prior test RECORD (module reads the packet prior list newest-first),"factory packets view (tgt_* + p_* + defects_json, factory/packets.py:53-58) -> feature_engineering_v55.engineer_features",fail:suspension,current_state,latest,n/a,"0 = the component's most recent event was an advisory, or it had none",n/a,"as-of SAFE: every packet prior carries p_date strictly < tgt_date, gated by factory/packets.py:161-174; prediction_date := tgt_date (factory/runners/b0_module_runner.py:138)","era-BRIDGED by design: severity->type first, disposition fallback (factory/runners/b0_module_runner.py:71-75), so pre-2018 F and post-2018 major both map to MAJOR; DANGEROUS and MINOR exist post-2018 only",all: float64 with NaN for NULL (fit_contract.py:267-268),"low per row, but the whole B0 frame is a second pass over the LONG packets view (factory/runners/b0_module_runner.py:167-195), parallel over vehicles",partial,"'the component's CURRENT state is failure' (autosafe/feature_engineering_v55.py:441-459), a genuinely distinct concept from has_ever_failed_*, repaired 2026-08-08; walks records newest-first"
has_ever_failed_suspension,B0,"autosafe/feature_engineering_v55.py:438,440",1 when any prior FAILED test carried a suspension failure.,vehicle x prior test RECORD (module reads the packet prior list newest-first),"factory packets view (tgt_* + p_* + defects_json, factory/packets.py:53-58) -> feature_engineering_v55.engineer_features",fail:suspension,lifetime,presence,n/a,0 = never,n/a,"as-of SAFE: every packet prior carries p_date strictly < tgt_date, gated by factory/packets.py:161-174; prediction_date := tgt_date (factory/runners/b0_module_runner.py:138)","era-BRIDGED by design: severity->type first, disposition fallback (factory/runners/b0_module_runner.py:71-75), so pre-2018 F and post-2018 major both map to MAJOR; DANGEROUS and MINOR exist post-2018 only",all: float64 with NaN for NULL (fit_contract.py:267-268),"low per row, but the whole B0 frame is a second pass over the LONG packets view (factory/runners/b0_module_runner.py:167-195), parallel over vehicles",partial,"3 of 5 serving components, lifetime only. defect text := catalogue SECTION name (factory/runners/b0_module_runner.py:78-85; queue.txt uses --defect-text-source section on all six B0 builds); the v58 lake carries NO defect free text (DATA_ASSESSMENT s4)"
failure_streak_len_suspension,B0,"autosafe/feature_engineering_v55.py:438,468",Current consecutive-record suspension failure streak.,vehicle x prior test RECORD (module reads the packet prior list newest-first),"factory packets view (tgt_* + p_* + defects_json, factory/packets.py:53-58) -> feature_engineering_v55.engineer_features",fail:suspension,current_run,streak_current,consecutive most-recent prior RECORDS,0 = the most recent record carried no such failure,n/a,"as-of SAFE: every packet prior carries p_date strictly < tgt_date, gated by factory/packets.py:161-174; prediction_date := tgt_date (factory/runners/b0_module_runner.py:138)","era-BRIDGED by design: severity->type first, disposition fallback (factory/runners/b0_module_runner.py:71-75), so pre-2018 F and post-2018 major both map to MAJOR; DANGEROUS and MINOR exist post-2018 only",all: float64 with NaN for NULL (fit_contract.py:267-268),"low per row, but the whole B0 frame is a second pass over the LONG packets view (factory/runners/b0_module_runner.py:167-195), parallel over vehicles",partial,CURRENT failure streak (autosafe/feature_engineering_v55.py:462-468); no longest-streak twin
tests_since_last_failure_suspension,B0,"autosafe/feature_engineering_v55.py:438,473,476",Prior test records newer than the most recent suspension failure; NaN when never.,vehicle x prior test RECORD (module reads the packet prior list newest-first),"factory packets view (tgt_* + p_* + defects_json, factory/packets.py:53-58) -> feature_engineering_v55.engineer_features",fail:suspension,lifetime,recency_tests,intervening prior RECORDS,0 = failure on the most recent record,NaN when never (autosafe/feature_engineering_v55.py:476),"as-of SAFE: every packet prior carries p_date strictly < tgt_date, gated by factory/packets.py:161-174; prediction_date := tgt_date (factory/runners/b0_module_runner.py:138)","era-BRIDGED by design: severity->type first, disposition fallback (factory/runners/b0_module_runner.py:71-75), so pre-2018 F and post-2018 major both map to MAJOR; DANGEROUS and MINOR exist post-2018 only",all: float64 with NaN for NULL (fit_contract.py:267-268),"low per row, but the whole B0 frame is a second pass over the LONG packets view (factory/runners/b0_module_runner.py:167-195), parallel over vehicles",partial,the second of the two intervening-tests recency families
station_strictness_bias,B0,autosafe/feature_engineering_v55.py:583,Station strictness bias; the helper takes no argument and returns one value.,constant,"factory packets view (tgt_* + p_* + defects_json, factory/packets.py:53-58) -> feature_engineering_v55.engineer_features",station,lifetime,rate,n/a,n/a,n/a,"as-of SAFE: every packet prior carries p_date strictly < tgt_date, gated by factory/packets.py:161-174; prediction_date := tgt_date (factory/runners/b0_module_runner.py:138)",none,all: float64 with NaN for NULL (fit_contract.py:267-268),"low per row, but the whole B0 frame is a second pass over the LONG packets view (factory/runners/b0_module_runner.py:167-195), parallel over vehicles",absent,"CONSTANT: get_station_strictness_bias() takes no argument (autosafe/feature_engineering_v55.py:583). MEASURED flat4y/r1m n=999,999: range [0.0 .. 0.0], NULL 0.000%"
annualized_mileage_v2,B0,"autosafe/feature_engineering_v55.py:595,606,609,612,615","Odometer difference between the two most recent priors, annualised; 10000 on every default path.",vehicle x prior test RECORD (module reads the packet prior list newest-first),"factory packets view (tgt_* + p_* + defects_json, factory/packets.py:53-58) -> feature_engineering_v55.engineer_features",mileage_reading,between_2_most_recent_priors,rate,per year across the 2 most recent priors,n/a,"in-range sentinel 10000 on every default path with no distinguishing flag (autosafe/feature_engineering_v55.py:595,609,613,615)","as-of SAFE but D13-UNSAFE: the module reads tests[0] after a DATE-ONLY stable sort (autosafe/feature_engineering_v55.py:221), so the value depends on WITHIN-DAY record order, which this programme declares unidentified (FACTORY_CONTRACT.md:72-74)","YES: pre-2022 test_mileage is unit-ambiguous (km contamination, no unit column, docs/v58/assessment_2026_08/DATA_ASSESSMENT.md:170-172) and the runner hardcodes odometer_unit='mi' (factory/runners/b0_module_runner.py:121), so the module's km->mi branch never fires. flat4y spans 2020-2023, straddling the 2022 upstream correction",all: float64 with NaN for NULL (fit_contract.py:267-268),"low per row, but the whole B0 frame is a second pass over the LONG packets view (factory/runners/b0_module_runner.py:167-195), parallel over vehicles",unsafe_ambiguous,the only mileage-exposure rate in the 241; the sentinel sits inside the real distribution
mileage_anomaly_flag,B0,"autosafe/feature_engineering_v55.py:289,294",1 when the annualised odometer delta between the two most recent priors exceeds 50000.,vehicle x prior test RECORD (module reads the packet prior list newest-first),"factory packets view (tgt_* + p_* + defects_json, factory/packets.py:53-58) -> feature_engineering_v55.engineer_features",mileage_reading,2_most_recent_priors,presence,n/a,"0 = plausible OR absent (autosafe/feature_engineering_v55.py:289,294)",n/a,"as-of SAFE but D13-UNSAFE: the module reads tests[0] after a DATE-ONLY stable sort (autosafe/feature_engineering_v55.py:221), so the value depends on WITHIN-DAY record order, which this programme declares unidentified (FACTORY_CONTRACT.md:72-74)","YES: pre-2022 test_mileage is unit-ambiguous (km contamination, no unit column, docs/v58/assessment_2026_08/DATA_ASSESSMENT.md:170-172) and the runner hardcodes odometer_unit='mi' (factory/runners/b0_module_runner.py:121), so the module's km->mi branch never fires. flat4y spans 2020-2023, straddling the 2022 upstream correction",all: float64 with NaN for NULL (fit_contract.py:267-268),"low per row, but the whole B0 frame is a second pass over the LONG packets view (factory/runners/b0_module_runner.py:167-195), parallel over vehicles",partial,"fires on an annualised delta above 50,000; no rollback / decreasing-odometer test"
has_prev_mileage,B0,"autosafe/feature_engineering_v55.py:287,292",1 when the single most recent prior test record carries an odometer value.,vehicle x prior test RECORD (module reads the packet prior list newest-first),"factory packets view (tgt_* + p_* + defects_json, factory/packets.py:53-58) -> feature_engineering_v55.engineer_features",mileage_reading,latest_test,presence,n/a,0 = the MOST RECENT prior record carries no odometer; NOT 'the vehicle has no prior mileage at all',n/a,"as-of SAFE but D13-UNSAFE: the module reads tests[0] after a DATE-ONLY stable sort (autosafe/feature_engineering_v55.py:221), so the value depends on WITHIN-DAY record order, which this programme declares unidentified (FACTORY_CONTRACT.md:72-74)",none,all: float64 with NaN for NULL (fit_contract.py:267-268),"low per row, but the whole B0 frame is a second pass over the LONG packets view (factory/runners/b0_module_runner.py:167-195), parallel over vehicles",partial,"the only shipped mileage-coverage indicator (autosafe/feature_engineering_v55.py:287,292); its scope is one record, not a window. AsOfState already counts n_mileage_days (factory/state.py:178) and never emits it"
mileage_plausible_flag,B0,"autosafe/feature_engineering_v55.py:288,293",1 when a mileage reading exists and was not judged anomalous.,vehicle x prior test RECORD (module reads the packet prior list newest-first),"factory packets view (tgt_* + p_* + defects_json, factory/packets.py:53-58) -> feature_engineering_v55.engineer_features",mileage_reading,2_most_recent_priors,presence,n/a,"0 = anomalous OR absent (autosafe/feature_engineering_v55.py:288,293); has_prev_mileage disambiguates",n/a,"as-of SAFE but D13-UNSAFE: the module reads tests[0] after a DATE-ONLY stable sort (autosafe/feature_engineering_v55.py:221), so the value depends on WITHIN-DAY record order, which this programme declares unidentified (FACTORY_CONTRACT.md:72-74)","YES: pre-2022 test_mileage is unit-ambiguous (km contamination, no unit column, docs/v58/assessment_2026_08/DATA_ASSESSMENT.md:170-172) and the runner hardcodes odometer_unit='mi' (factory/runners/b0_module_runner.py:121), so the module's km->mi branch never fires. flat4y spans 2020-2023, straddling the 2022 upstream correction",all: float64 with NaN for NULL (fit_contract.py:267-268),"low per row, but the whole B0 frame is a second pass over the LONG packets view (factory/runners/b0_module_runner.py:167-195), parallel over vehicles",partial,"an unreliable-mileage indicator, but a 2-record scope only"
local_corrosion_index,B0,autosafe/feature_engineering_v55.py:581,"Corrosion index looked up from tgt_pc, the postcode area of the station that performed the target test.",target row (station postcode area),"factory packets view (tgt_* + p_* + defects_json, factory/packets.py:53-58) -> feature_engineering_v55.engineer_features",geography,none,lookup,n/a,n/a,n/a,"as-of SAFE: every packet prior carries p_date strictly < tgt_date, gated by factory/packets.py:161-174; prediction_date := tgt_date (factory/runners/b0_module_runner.py:138)",none,all: float64 with NaN for NULL (fit_contract.py:267-268),"low per row, but the whole B0 frame is a second pass over the LONG packets view (factory/runners/b0_module_runner.py:167-195), parallel over vehicles",unsafe_ambiguous,"PROXY RISK: keyed on tgt_pc, the postcode area of the station that performed the TARGET test (factory/blocks.py:76, tagged research_only_input and not API-observable). It encodes station location - and therefore station strictness - not only climate. MEASURED flat4y/r1m n=999,999: range [0.45 .. 0.85], NULL 0.000%"
local_corrosion_delta,B0,autosafe/feature_engineering_v55.py:582,local_corrosion_index minus 0.5.,target row (station postcode area),"factory packets view (tgt_* + p_* + defects_json, factory/packets.py:53-58) -> feature_engineering_v55.engineer_features",geography,none,lookup,n/a,n/a,n/a,"as-of SAFE: every packet prior carries p_date strictly < tgt_date, gated by factory/packets.py:161-174; prediction_date := tgt_date (factory/runners/b0_module_runner.py:138)",none,all: float64 with NaN for NULL (fit_contract.py:267-268),"low per row, but the whole B0 frame is a second pass over the LONG packets view (factory/runners/b0_module_runner.py:167-195), parallel over vehicles",duplicate_redundant,exactly local_corrosion_index - 0.5 (autosafe/feature_engineering_v55.py:582)
high_risk_model_flag,B0,autosafe/feature_engineering_v55.py:837,1 when 'MAKE MODEL' is one of 20 models hardcoded from a training-data fail-rate analysis.,target row (vehicle attribute),"factory packets view (tgt_* + p_* + defects_json, factory/packets.py:53-58) -> feature_engineering_v55.engineer_features",fleet_prior,lifetime,presence,n/a,0 = not one of the 20 listed models,n/a,"as-of SAFE: every packet prior carries p_date strictly < tgt_date, gated by factory/packets.py:161-174; prediction_date := tgt_date (factory/runners/b0_module_runner.py:138)",none,all: float64 with NaN for NULL (fit_contract.py:267-268),"low per row, but the whole B0 frame is a second pass over the LONG packets view (factory/runners/b0_module_runner.py:167-195), parallel over vehicles",unsafe_ambiguous,"a hardcoded 20-model set chosen BY FAIL RATE on training data (autosafe/feature_engineering_v55.py:30-39) - a target-derived static lookup baked into serving code, not an as-of statistic"
suspension_risk_profile,B0,autosafe/feature_engineering_v55.py:838,Placeholder; the source assigns a fixed value with a TODO.,constant,"factory packets view (tgt_* + p_* + defects_json, factory/packets.py:53-58) -> feature_engineering_v55.engineer_features",fleet_prior,none,rate,n/a,n/a,n/a,"as-of SAFE: every packet prior carries p_date strictly < tgt_date, gated by factory/packets.py:161-174; prediction_date := tgt_date (factory/runners/b0_module_runner.py:138)",none,all: float64 with NaN for NULL (fit_contract.py:267-268),"low per row, but the whole B0 frame is a second pass over the LONG packets view (factory/runners/b0_module_runner.py:167-195), parallel over vehicles",absent,"CONSTANT 0.0 with a TODO in the source (autosafe/feature_engineering_v55.py:838). MEASURED flat4y/r1m n=999,999: range [0.0 .. 0.0], NULL 0.000%"
model_age_fail_rate_eb,B0,"autosafe/feature_engineering_v55.py:712,714,716,744,746,748,757","Empirical-Bayes fail rate for the (model, age band) cell, shrunk toward the make-age then global rate.",fleet cell (model x age band),"factory packets view (tgt_* + p_* + defects_json, factory/packets.py:53-58) -> feature_engineering_v55.engineer_features",fleet_prior,expanding_as_of,rate,fleet cell,n/a,"falls back to the parent level, then the global rate","as-of SAFE: every packet prior carries p_date strictly < tgt_date, gated by factory/packets.py:161-174; prediction_date := tgt_date (factory/runners/b0_module_runner.py:138)",n/a,all: float64 with NaN for NULL (fit_contract.py:267-268),"low per row, but the whole B0 frame is a second pass over the LONG packets view (factory/runners/b0_module_runner.py:167-195), parallel over vehicles",different_window_or_semantics,"NON-CUBE fleet prior. TRAIN/EVAL SEMANTIC MISMATCH: the train frame is EXPANDING and strictly-earlier-day (out/b0/b0_flat4y_eb.parquet.manifest.json as_of_rule) while the eval, confirm and drift frames are FROZEN at 2023-12-31 (out/b0/b0_eval2024_eb.parquet.manifest.json). One column name, two estimators. MEASURED flat4y/r1m n=999,999: range [0.015763576993552346 .. 0.5413121417423047], NULL 0.000%"
make_age_fail_rate_eb,B0,"autosafe/feature_engineering_v55.py:720,722,751,753,758","Empirical-Bayes fail rate for the (make, age band) cell.",fleet cell (make x age band),"factory packets view (tgt_* + p_* + defects_json, factory/packets.py:53-58) -> feature_engineering_v55.engineer_features",fleet_prior,expanding_as_of,rate,fleet cell,n/a,"falls back to the parent level, then the global rate","as-of SAFE: every packet prior carries p_date strictly < tgt_date, gated by factory/packets.py:161-174; prediction_date := tgt_date (factory/runners/b0_module_runner.py:138)",n/a,all: float64 with NaN for NULL (fit_contract.py:267-268),"low per row, but the whole B0 frame is a second pass over the LONG packets view (factory/runners/b0_module_runner.py:167-195), parallel over vehicles",different_window_or_semantics,"NON-CUBE fleet prior. TRAIN/EVAL SEMANTIC MISMATCH: the train frame is EXPANDING and strictly-earlier-day (out/b0/b0_flat4y_eb.parquet.manifest.json as_of_rule) while the eval, confirm and drift frames are FROZEN at 2023-12-31 (out/b0/b0_eval2024_eb.parquet.manifest.json). One column name, two estimators. MEASURED flat4y/r1m n=999,999: range [0.04696177373937857 .. 0.480868308555758], NULL 0.000%"
historic_negligence_ratio_smoothed,B0,"autosafe/feature_engineering_v55.py:815,817","Advisory items per prior test record, clipped at 1.0; 0.0 without advisories or without priors.",vehicle x prior test RECORD (module reads the packet prior list newest-first),"factory packets view (tgt_* + p_* + defects_json, factory/packets.py:53-58) -> feature_engineering_v55.engineer_features",advisory,lifetime,rate,per prior test RECORD,0.0 = no advisories AND 0.0 = no priors,n/a,"as-of SAFE: every packet prior carries p_date strictly < tgt_date, gated by factory/packets.py:161-174; prediction_date := tgt_date (factory/runners/b0_module_runner.py:138)","era-BRIDGED by design: severity->type first, disposition fallback (factory/runners/b0_module_runner.py:71-75), so pre-2018 F and post-2018 major both map to MAJOR; DANGEROUS and MINOR exist post-2018 only",all: float64 with NaN for NULL (fit_contract.py:267-268),"low per row, but the whole B0 frame is a second pass over the LONG packets view (factory/runners/b0_module_runner.py:167-195), parallel over vehicles",unsafe_ambiguous,"CLIPPED at 1.0 (autosafe/feature_engineering_v55.py:815) so every true rate at or above 1 collapses to one value, and nothing is smoothed (no shrinkage anywhere in the expression). MEASURED flat4y/r1m n=999,999: range [0.0 .. 1.0], NULL 0.000%"
negligence_band,B0,"autosafe/feature_engineering_v55.py:823,825,827,829",Band of historic_negligence_ratio_smoothed: clean / low / high / chronic.,vehicle x prior test RECORD (module reads the packet prior list newest-first),"factory packets view (tgt_* + p_* + defects_json, factory/packets.py:53-58) -> feature_engineering_v55.engineer_features",advisory,lifetime,band,per prior test,n/a,the 'unknown' level named in the comment at autosafe/feature_engineering_v55.py:819 is never emitted,"as-of SAFE: every packet prior carries p_date strictly < tgt_date, gated by factory/packets.py:161-174; prediction_date := tgt_date (factory/runners/b0_module_runner.py:138)","era-BRIDGED by design: severity->type first, disposition fallback (factory/runners/b0_module_runner.py:71-75), so pre-2018 F and post-2018 major both map to MAJOR; DANGEROUS and MINOR exist post-2018 only",tree-native categorical (CatBoost/LightGBM cat_features); MLP/RealMLP and context models need an explicit encoder (fit_contract.py:249-268),"low per row, but the whole B0 frame is a second pass over the LONG packets view (factory/runners/b0_module_runner.py:167-195), parallel over vehicles",different_window_or_semantics,"a band of the CLIPPED ratio, so 'chronic' absorbs the whole upper tail"
raw_behavioral_count,B0,autosafe/feature_engineering_v55.py:831,Copy of prev_count_advisory.,vehicle x prior ITEM,"factory packets view (tgt_* + p_* + defects_json, factory/packets.py:53-58) -> feature_engineering_v55.engineer_features",advisory,lifetime,count,raw count,as prev_count_advisory,n/a,"as-of SAFE: every packet prior carries p_date strictly < tgt_date, gated by factory/packets.py:161-174; prediction_date := tgt_date (factory/runners/b0_module_runner.py:138)","era-BRIDGED by design: severity->type first, disposition fallback (factory/runners/b0_module_runner.py:71-75), so pre-2018 F and post-2018 major both map to MAJOR; DANGEROUS and MINOR exist post-2018 only",all: float64 with NaN for NULL (fit_contract.py:267-268),"low per row, but the whole B0 frame is a second pass over the LONG packets view (factory/runners/b0_module_runner.py:167-195), parallel over vehicles",duplicate_redundant,EXACT copy: features['raw_behavioral_count'] = features['prev_count_advisory'] (autosafe/feature_engineering_v55.py:831)
eb_unified_prior,B0,"autosafe/feature_engineering_v55.py:725,755,759",Copy of model_age_fail_rate_eb.,fleet cell (model x age band),"factory packets view (tgt_* + p_* + defects_json, factory/packets.py:53-58) -> feature_engineering_v55.engineer_features",fleet_prior,expanding_as_of,rate,fleet cell,n/a,inherits model_age_fail_rate_eb,"as-of SAFE: every packet prior carries p_date strictly < tgt_date, gated by factory/packets.py:161-174; prediction_date := tgt_date (factory/runners/b0_module_runner.py:138)",n/a,all: float64 with NaN for NULL (fit_contract.py:267-268),"low per row, but the whole B0 frame is a second pass over the LONG packets view (factory/runners/b0_module_runner.py:167-195), parallel over vehicles",duplicate_redundant,"exactly model_age_fail_rate_eb (autosafe/feature_engineering_v55.py:725,755). MEASURED flat4y/r1m n=999,999: range [0.015763576993552346 .. 0.5413121417423047], NULL 0.000%"
mech_decay_brake,B0,autosafe/feature_engineering_v55.py:539,"min(prev_adv_brakes * 0.2, 1.0).",vehicle x prior ITEM,"factory packets view (tgt_* + p_* + defects_json, factory/packets.py:53-58) -> feature_engineering_v55.engineer_features",advisory:brake,lifetime,count,x0.2 then clipped at 1.0,0 = no advisory,n/a,"as-of SAFE: every packet prior carries p_date strictly < tgt_date, gated by factory/packets.py:161-174; prediction_date := tgt_date (factory/runners/b0_module_runner.py:138)","era-BRIDGED by design: severity->type first, disposition fallback (factory/runners/b0_module_runner.py:71-75), so pre-2018 F and post-2018 major both map to MAJOR; DANGEROUS and MINOR exist post-2018 only",all: float64 with NaN for NULL (fit_contract.py:267-268),"low per row, but the whole B0 frame is a second pass over the LONG packets view (factory/runners/b0_module_runner.py:167-195), parallel over vehicles",duplicate_redundant,"min(prev_adv_brakes * 0.2, 1.0) (autosafe/feature_engineering_v55.py:539) - a monotone clipped transform of a shipped column that saturates at 5 advisories"
mech_decay_suspension,B0,autosafe/feature_engineering_v55.py:540,"min(prev_adv_suspension * 0.2, 1.0).",vehicle x prior ITEM,"factory packets view (tgt_* + p_* + defects_json, factory/packets.py:53-58) -> feature_engineering_v55.engineer_features",advisory:suspension,lifetime,count,x0.2 then clipped at 1.0,0 = no advisory,n/a,"as-of SAFE: every packet prior carries p_date strictly < tgt_date, gated by factory/packets.py:161-174; prediction_date := tgt_date (factory/runners/b0_module_runner.py:138)","era-BRIDGED by design: severity->type first, disposition fallback (factory/runners/b0_module_runner.py:71-75), so pre-2018 F and post-2018 major both map to MAJOR; DANGEROUS and MINOR exist post-2018 only",all: float64 with NaN for NULL (fit_contract.py:267-268),"low per row, but the whole B0 frame is a second pass over the LONG packets view (factory/runners/b0_module_runner.py:167-195), parallel over vehicles",duplicate_redundant,"min(prev_adv_suspension * 0.2, 1.0) (autosafe/feature_engineering_v55.py:540) - a monotone clipped transform of a shipped column that saturates at 5 advisories"
mech_decay_structure,B0,autosafe/feature_engineering_v55.py:541,"min(structure advisory item count * 0.2, 1.0).",vehicle x prior ITEM,"factory packets view (tgt_* + p_* + defects_json, factory/packets.py:53-58) -> feature_engineering_v55.engineer_features",advisory:structure,lifetime,count,x0.2 then clipped at 1.0,0 = no structure advisory,n/a,"as-of SAFE: every packet prior carries p_date strictly < tgt_date, gated by factory/packets.py:161-174; prediction_date := tgt_date (factory/runners/b0_module_runner.py:138)","era-BRIDGED by design: severity->type first, disposition fallback (factory/runners/b0_module_runner.py:71-75), so pre-2018 F and post-2018 major both map to MAJOR; DANGEROUS and MINOR exist post-2018 only",all: float64 with NaN for NULL (fit_contract.py:267-268),"low per row, but the whole B0 frame is a second pass over the LONG packets view (factory/runners/b0_module_runner.py:167-195), parallel over vehicles",partial,"the ONLY structure-component signal in B0 (autosafe/feature_engineering_v55.py:541): there is no prev_adv_structure. Saturates at 5 advisories, so counts above 5 are unrecoverable"
mech_decay_steering,B0,autosafe/feature_engineering_v55.py:542,"min(prev_adv_steering * 0.2, 1.0).",vehicle x prior ITEM,"factory packets view (tgt_* + p_* + defects_json, factory/packets.py:53-58) -> feature_engineering_v55.engineer_features",advisory:steering,lifetime,count,x0.2 then clipped at 1.0,0 = no advisory,n/a,"as-of SAFE: every packet prior carries p_date strictly < tgt_date, gated by factory/packets.py:161-174; prediction_date := tgt_date (factory/runners/b0_module_runner.py:138)","era-BRIDGED by design: severity->type first, disposition fallback (factory/runners/b0_module_runner.py:71-75), so pre-2018 F and post-2018 major both map to MAJOR; DANGEROUS and MINOR exist post-2018 only",all: float64 with NaN for NULL (fit_contract.py:267-268),"low per row, but the whole B0 frame is a second pass over the LONG packets view (factory/runners/b0_module_runner.py:167-195), parallel over vehicles",duplicate_redundant,"min(prev_adv_steering * 0.2, 1.0) (autosafe/feature_engineering_v55.py:542) - a monotone clipped transform of a shipped column that saturates at 5 advisories"
mech_decay_index,B0,"autosafe/feature_engineering_v55.py:547,567",Maximum of the four mech_decay_* values.,vehicle x prior ITEM,"factory packets view (tgt_* + p_* + defects_json, factory/packets.py:53-58) -> feature_engineering_v55.engineer_features",advisory:any_component,lifetime,max,x0.2 clipped,0 = no advisory in the 4 components,n/a,"as-of SAFE: every packet prior carries p_date strictly < tgt_date, gated by factory/packets.py:161-174; prediction_date := tgt_date (factory/runners/b0_module_runner.py:138)","era-BRIDGED by design: severity->type first, disposition fallback (factory/runners/b0_module_runner.py:71-75), so pre-2018 F and post-2018 major both map to MAJOR; DANGEROUS and MINOR exist post-2018 only",all: float64 with NaN for NULL (fit_contract.py:267-268),"low per row, but the whole B0 frame is a second pass over the LONG packets view (factory/runners/b0_module_runner.py:167-195), parallel over vehicles",duplicate_redundant,max of the four mech_decay_* (autosafe/feature_engineering_v55.py:545-547)
mech_decay_index_normalized,B0,"autosafe/feature_engineering_v55.py:558,561,564",mech_decay_index divided by the age-band mean decay; identical to mech_decay_index when no cohort table is supplied.,vehicle x prior ITEM,"factory packets view (tgt_* + p_* + defects_json, factory/packets.py:53-58) -> feature_engineering_v55.engineer_features",advisory:any_component,lifetime,max,x0.2 clipped,as mech_decay_index,n/a,"as-of SAFE: every packet prior carries p_date strictly < tgt_date, gated by factory/packets.py:161-174; prediction_date := tgt_date (factory/runners/b0_module_runner.py:138)","era-BRIDGED by design: severity->type first, disposition fallback (factory/runners/b0_module_runner.py:71-75), so pre-2018 F and post-2018 major both map to MAJOR; DANGEROUS and MINOR exist post-2018 only",all: float64 with NaN for NULL (fit_contract.py:267-268),"low per row, but the whole B0 frame is a second pass over the LONG packets view (factory/runners/b0_module_runner.py:167-195), parallel over vehicles",duplicate_redundant,IDENTICAL to mech_decay_index in this build: no cohort_stats is supplied (factory/runners/b0_module_runner.py:136-138) so the else-branch at autosafe/feature_engineering_v55.py:564 always fires
mech_risk_driver,B0,"autosafe/feature_engineering_v55.py:568,570,572,574,576",Label of the argmax mech_decay_* component (CLEAN/BRAKE/SUSP/STEER/STRUCT).,vehicle x prior ITEM,"factory packets view (tgt_* + p_* + defects_json, factory/packets.py:53-58) -> feature_engineering_v55.engineer_features",advisory:any_component,lifetime,argmax,n/a,n/a,ties resolve positionally (autosafe/feature_engineering_v55.py:567-576),"as-of SAFE: every packet prior carries p_date strictly < tgt_date, gated by factory/packets.py:161-174; prediction_date := tgt_date (factory/runners/b0_module_runner.py:138)","era-BRIDGED by design: severity->type first, disposition fallback (factory/runners/b0_module_runner.py:71-75), so pre-2018 F and post-2018 major both map to MAJOR; DANGEROUS and MINOR exist post-2018 only",tree-native categorical (CatBoost/LightGBM cat_features); MLP/RealMLP and context models need an explicit encoder (fit_contract.py:249-268),"low per row, but the whole B0 frame is a second pass over the LONG packets view (factory/runners/b0_module_runner.py:167-195), parallel over vehicles",duplicate_redundant,an argmax label over the four mech_decay_* values
text_corrosion_index,B0,"autosafe/feature_engineering_v55.py:510,512",Count of prior defects whose text matches a corrosion keyword; the text supplied is the catalogue section name.,vehicle x prior ITEM,"factory packets view (tgt_* + p_* + defects_json, factory/packets.py:53-58) -> feature_engineering_v55.engineer_features",text_mechanism:corrosion,lifetime,count,raw count,0 everywhere,n/a,"as-of SAFE: every packet prior carries p_date strictly < tgt_date, gated by factory/packets.py:161-174; prediction_date := tgt_date (factory/runners/b0_module_runner.py:138)",none,all: float64 with NaN for NULL (fit_contract.py:267-268),"low per row, but the whole B0 frame is a second pass over the LONG packets view (factory/runners/b0_module_runner.py:167-195), parallel over vehicles",absent,"CONSTANT 0: no catalogue SECTION name contains any corrosion keyword (autosafe/feature_engineering_v55.py:120-125 vs pipeline/lake/rfr_mapping.py:47-84). defect text := catalogue SECTION name (factory/runners/b0_module_runner.py:78-85; queue.txt uses --defect-text-source section on all six B0 builds); the v58 lake carries NO defect free text (DATA_ASSESSMENT s4). MEASURED flat4y/r1m n=999,999: range [0.0 .. 0.0], NULL 0.000%"
text_wear_index,B0,"autosafe/feature_engineering_v55.py:510,512",Count of prior defects whose text matches a wear keyword.,vehicle x prior ITEM,"factory packets view (tgt_* + p_* + defects_json, factory/packets.py:53-58) -> feature_engineering_v55.engineer_features",text_mechanism:wear,lifetime,count,raw count,0 everywhere,n/a,"as-of SAFE: every packet prior carries p_date strictly < tgt_date, gated by factory/packets.py:161-174; prediction_date := tgt_date (factory/runners/b0_module_runner.py:138)",none,all: float64 with NaN for NULL (fit_contract.py:267-268),"low per row, but the whole B0 frame is a second pass over the LONG packets view (factory/runners/b0_module_runner.py:167-195), parallel over vehicles",absent,"CONSTANT 0: no catalogue SECTION name contains any wear keyword (autosafe/feature_engineering_v55.py:120-125 vs pipeline/lake/rfr_mapping.py:47-84). defect text := catalogue SECTION name (factory/runners/b0_module_runner.py:78-85; queue.txt uses --defect-text-source section on all six B0 builds); the v58 lake carries NO defect free text (DATA_ASSESSMENT s4). MEASURED flat4y/r1m n=999,999: range [0.0 .. 0.0], NULL 0.000%"
text_leak_index,B0,"autosafe/feature_engineering_v55.py:510,512",Count of prior defects whose text matches a leak keyword.,vehicle x prior ITEM,"factory packets view (tgt_* + p_* + defects_json, factory/packets.py:53-58) -> feature_engineering_v55.engineer_features",text_mechanism:leak,lifetime,count,raw count,"0 = no item in the 'Noise, emissions and leaks' section",n/a,"as-of SAFE: every packet prior carries p_date strictly < tgt_date, gated by factory/packets.py:161-174; prediction_date := tgt_date (factory/runners/b0_module_runner.py:138)",none,all: float64 with NaN for NULL (fit_contract.py:267-268),"low per row, but the whole B0 frame is a second pass over the LONG packets view (factory/runners/b0_module_runner.py:167-195), parallel over vehicles",unsafe_ambiguous,"the only text_* column that varies, and it does NOT measure a leak mechanism: the 'leak' keyword matches exactly one out-of-scope SECTION NAME (pipeline/lake/rfr_mapping.py:68). defect text := catalogue SECTION name (factory/runners/b0_module_runner.py:78-85; queue.txt uses --defect-text-source section on all six B0 builds); the v58 lake carries NO defect free text (DATA_ASSESSMENT s4). MEASURED flat4y/r1m n=999,999: range [0.0 .. 19.0], NULL 0.000%"
text_damage_index,B0,"autosafe/feature_engineering_v55.py:510,512",Count of prior defects whose text matches a damage keyword.,vehicle x prior ITEM,"factory packets view (tgt_* + p_* + defects_json, factory/packets.py:53-58) -> feature_engineering_v55.engineer_features",text_mechanism:damage,lifetime,count,raw count,0 everywhere,n/a,"as-of SAFE: every packet prior carries p_date strictly < tgt_date, gated by factory/packets.py:161-174; prediction_date := tgt_date (factory/runners/b0_module_runner.py:138)",none,all: float64 with NaN for NULL (fit_contract.py:267-268),"low per row, but the whole B0 frame is a second pass over the LONG packets view (factory/runners/b0_module_runner.py:167-195), parallel over vehicles",absent,"CONSTANT 0: no catalogue SECTION name contains any damage keyword (autosafe/feature_engineering_v55.py:120-125 vs pipeline/lake/rfr_mapping.py:47-84). defect text := catalogue SECTION name (factory/runners/b0_module_runner.py:78-85; queue.txt uses --defect-text-source section on all six B0 builds); the v58 lake carries NO defect free text (DATA_ASSESSMENT s4). MEASURED flat4y/r1m n=999,999: range [0.0 .. 0.0], NULL 0.000%"
text_corrosion_index_log,B0,"autosafe/feature_engineering_v55.py:510,513",log1p(text_corrosion_index).,vehicle x prior ITEM,"factory packets view (tgt_* + p_* + defects_json, factory/packets.py:53-58) -> feature_engineering_v55.engineer_features",text_mechanism:corrosion,lifetime,count_log,raw count,0 everywhere,n/a,"as-of SAFE: every packet prior carries p_date strictly < tgt_date, gated by factory/packets.py:161-174; prediction_date := tgt_date (factory/runners/b0_module_runner.py:138)",none,all: float64 with NaN for NULL (fit_contract.py:267-268),"low per row, but the whole B0 frame is a second pass over the LONG packets view (factory/runners/b0_module_runner.py:167-195), parallel over vehicles",absent,"CONSTANT 0: no catalogue SECTION name contains any corrosion keyword (autosafe/feature_engineering_v55.py:120-125 vs pipeline/lake/rfr_mapping.py:47-84). defect text := catalogue SECTION name (factory/runners/b0_module_runner.py:78-85; queue.txt uses --defect-text-source section on all six B0 builds); the v58 lake carries NO defect free text (DATA_ASSESSMENT s4). MEASURED flat4y/r1m n=999,999: range [0.0 .. 0.0], NULL 0.000%"
text_wear_index_log,B0,"autosafe/feature_engineering_v55.py:510,513",log1p(text_wear_index).,vehicle x prior ITEM,"factory packets view (tgt_* + p_* + defects_json, factory/packets.py:53-58) -> feature_engineering_v55.engineer_features",text_mechanism:wear,lifetime,count_log,raw count,0 everywhere,n/a,"as-of SAFE: every packet prior carries p_date strictly < tgt_date, gated by factory/packets.py:161-174; prediction_date := tgt_date (factory/runners/b0_module_runner.py:138)",none,all: float64 with NaN for NULL (fit_contract.py:267-268),"low per row, but the whole B0 frame is a second pass over the LONG packets view (factory/runners/b0_module_runner.py:167-195), parallel over vehicles",absent,"CONSTANT 0: no catalogue SECTION name contains any wear keyword (autosafe/feature_engineering_v55.py:120-125 vs pipeline/lake/rfr_mapping.py:47-84). defect text := catalogue SECTION name (factory/runners/b0_module_runner.py:78-85; queue.txt uses --defect-text-source section on all six B0 builds); the v58 lake carries NO defect free text (DATA_ASSESSMENT s4). MEASURED flat4y/r1m n=999,999: range [0.0 .. 0.0], NULL 0.000%"
text_leak_index_log,B0,"autosafe/feature_engineering_v55.py:510,513",log1p(text_leak_index).,vehicle x prior ITEM,"factory packets view (tgt_* + p_* + defects_json, factory/packets.py:53-58) -> feature_engineering_v55.engineer_features",text_mechanism:leak,lifetime,count_log,raw count,"0 = no item in the 'Noise, emissions and leaks' section",n/a,"as-of SAFE: every packet prior carries p_date strictly < tgt_date, gated by factory/packets.py:161-174; prediction_date := tgt_date (factory/runners/b0_module_runner.py:138)",none,all: float64 with NaN for NULL (fit_contract.py:267-268),"low per row, but the whole B0 frame is a second pass over the LONG packets view (factory/runners/b0_module_runner.py:167-195), parallel over vehicles",unsafe_ambiguous,"the only text_* column that varies, and it does NOT measure a leak mechanism: the 'leak' keyword matches exactly one out-of-scope SECTION NAME (pipeline/lake/rfr_mapping.py:68). defect text := catalogue SECTION name (factory/runners/b0_module_runner.py:78-85; queue.txt uses --defect-text-source section on all six B0 builds); the v58 lake carries NO defect free text (DATA_ASSESSMENT s4). MEASURED flat4y/r1m n=999,999: range [0.0 .. 2.995732273553991], NULL 0.000%"
text_damage_index_log,B0,"autosafe/feature_engineering_v55.py:510,513",log1p(text_damage_index).,vehicle x prior ITEM,"factory packets view (tgt_* + p_* + defects_json, factory/packets.py:53-58) -> feature_engineering_v55.engineer_features",text_mechanism:damage,lifetime,count_log,raw count,0 everywhere,n/a,"as-of SAFE: every packet prior carries p_date strictly < tgt_date, gated by factory/packets.py:161-174; prediction_date := tgt_date (factory/runners/b0_module_runner.py:138)",none,all: float64 with NaN for NULL (fit_contract.py:267-268),"low per row, but the whole B0 frame is a second pass over the LONG packets view (factory/runners/b0_module_runner.py:167-195), parallel over vehicles",absent,"CONSTANT 0: no catalogue SECTION name contains any damage keyword (autosafe/feature_engineering_v55.py:120-125 vs pipeline/lake/rfr_mapping.py:47-84). defect text := catalogue SECTION name (factory/runners/b0_module_runner.py:78-85; queue.txt uses --defect-text-source section on all six B0 builds); the v58 lake carries NO defect free text (DATA_ASSESSMENT s4). MEASURED flat4y/r1m n=999,999: range [0.0 .. 0.0], NULL 0.000%"
has_corrosion_history,B0,"autosafe/feature_engineering_v55.py:510,514",1 when text_corrosion_index > 0.,vehicle x prior test RECORD (module reads the packet prior list newest-first),"factory packets view (tgt_* + p_* + defects_json, factory/packets.py:53-58) -> feature_engineering_v55.engineer_features",text_mechanism:corrosion,lifetime,presence,n/a,0 everywhere,n/a,"as-of SAFE: every packet prior carries p_date strictly < tgt_date, gated by factory/packets.py:161-174; prediction_date := tgt_date (factory/runners/b0_module_runner.py:138)",none,all: float64 with NaN for NULL (fit_contract.py:267-268),"low per row, but the whole B0 frame is a second pass over the LONG packets view (factory/runners/b0_module_runner.py:167-195), parallel over vehicles",absent,"CONSTANT 0. defect text := catalogue SECTION name (factory/runners/b0_module_runner.py:78-85; queue.txt uses --defect-text-source section on all six B0 builds); the v58 lake carries NO defect free text (DATA_ASSESSMENT s4). MEASURED flat4y/r1m n=999,999: range [0.0 .. 0.0], NULL 0.000%"
has_wear_history,B0,"autosafe/feature_engineering_v55.py:510,514",1 when text_wear_index > 0.,vehicle x prior test RECORD (module reads the packet prior list newest-first),"factory packets view (tgt_* + p_* + defects_json, factory/packets.py:53-58) -> feature_engineering_v55.engineer_features",text_mechanism:wear,lifetime,presence,n/a,0 everywhere,n/a,"as-of SAFE: every packet prior carries p_date strictly < tgt_date, gated by factory/packets.py:161-174; prediction_date := tgt_date (factory/runners/b0_module_runner.py:138)",none,all: float64 with NaN for NULL (fit_contract.py:267-268),"low per row, but the whole B0 frame is a second pass over the LONG packets view (factory/runners/b0_module_runner.py:167-195), parallel over vehicles",absent,"CONSTANT 0. defect text := catalogue SECTION name (factory/runners/b0_module_runner.py:78-85; queue.txt uses --defect-text-source section on all six B0 builds); the v58 lake carries NO defect free text (DATA_ASSESSMENT s4). MEASURED flat4y/r1m n=999,999: range [0.0 .. 0.0], NULL 0.000%"
has_leak_history,B0,"autosafe/feature_engineering_v55.py:510,514",1 when text_leak_index > 0.,vehicle x prior test RECORD (module reads the packet prior list newest-first),"factory packets view (tgt_* + p_* + defects_json, factory/packets.py:53-58) -> feature_engineering_v55.engineer_features",text_mechanism:leak,lifetime,presence,raw count,"0 = no item in the 'Noise, emissions and leaks' section",n/a,"as-of SAFE: every packet prior carries p_date strictly < tgt_date, gated by factory/packets.py:161-174; prediction_date := tgt_date (factory/runners/b0_module_runner.py:138)",none,all: float64 with NaN for NULL (fit_contract.py:267-268),"low per row, but the whole B0 frame is a second pass over the LONG packets view (factory/runners/b0_module_runner.py:167-195), parallel over vehicles",unsafe_ambiguous,"the only text_* column that varies, and it does NOT measure a leak mechanism: the 'leak' keyword matches exactly one out-of-scope SECTION NAME (pipeline/lake/rfr_mapping.py:68). defect text := catalogue SECTION name (factory/runners/b0_module_runner.py:78-85; queue.txt uses --defect-text-source section on all six B0 builds); the v58 lake carries NO defect free text (DATA_ASSESSMENT s4). MEASURED flat4y/r1m n=999,999: range [0.0 .. 1.0], NULL 0.000%"
has_damage_history,B0,"autosafe/feature_engineering_v55.py:510,514",1 when text_damage_index > 0.,vehicle x prior test RECORD (module reads the packet prior list newest-first),"factory packets view (tgt_* + p_* + defects_json, factory/packets.py:53-58) -> feature_engineering_v55.engineer_features",text_mechanism:damage,lifetime,presence,n/a,0 everywhere,n/a,"as-of SAFE: every packet prior carries p_date strictly < tgt_date, gated by factory/packets.py:161-174; prediction_date := tgt_date (factory/runners/b0_module_runner.py:138)",none,all: float64 with NaN for NULL (fit_contract.py:267-268),"low per row, but the whole B0 frame is a second pass over the LONG packets view (factory/runners/b0_module_runner.py:167-195), parallel over vehicles",absent,"CONSTANT 0. defect text := catalogue SECTION name (factory/runners/b0_module_runner.py:78-85; queue.txt uses --defect-text-source section on all six B0 builds); the v58 lake carries NO defect free text (DATA_ASSESSMENT s4). MEASURED flat4y/r1m n=999,999: range [0.0 .. 0.0], NULL 0.000%"
mechanism_count,B0,autosafe/feature_engineering_v55.py:518,Number of distinct text mechanisms with a non-zero count.,vehicle x prior test RECORD (module reads the packet prior list newest-first),"factory packets view (tgt_* + p_* + defects_json, factory/packets.py:53-58) -> feature_engineering_v55.engineer_features",text_mechanism,lifetime,distinct_families,raw count,0 = no mechanism,n/a,"as-of SAFE: every packet prior carries p_date strictly < tgt_date, gated by factory/packets.py:161-174; prediction_date := tgt_date (factory/runners/b0_module_runner.py:138)",none,all: float64 with NaN for NULL (fit_contract.py:267-268),"low per row, but the whole B0 frame is a second pass over the LONG packets view (factory/runners/b0_module_runner.py:167-195), parallel over vehicles",absent,"degenerate to {0,1}: only the leak pseudo-mechanism can ever fire. MEASURED flat4y/r1m n=999,999: range [0.0 .. 1.0], NULL 0.000%"
max_severity_score,B0,autosafe/feature_engineering_v55.py:532,"2 when any prior test FAILED, else 1 when any advisory exists, else 0.",vehicle x prior test RECORD (module reads the packet prior list newest-first),"factory packets view (tgt_* + p_* + defects_json, factory/packets.py:53-58) -> feature_engineering_v55.engineer_features",fail|advisory,lifetime,ordinal,n/a,0 = no fail and no advisory,n/a,"as-of SAFE: every packet prior carries p_date strictly < tgt_date, gated by factory/packets.py:161-174; prediction_date := tgt_date (factory/runners/b0_module_runner.py:138)","era-BRIDGED by design: severity->type first, disposition fallback (factory/runners/b0_module_runner.py:71-75), so pre-2018 F and post-2018 major both map to MAJOR; DANGEROUS and MINOR exist post-2018 only",all: float64 with NaN for NULL (fit_contract.py:267-268),"low per row, but the whole B0 frame is a second pass over the LONG packets view (factory/runners/b0_module_runner.py:167-195), parallel over vehicles",duplicate_redundant,"exact function of (n_prior_fails > 0, prev_count_advisory > 0) (autosafe/feature_engineering_v55.py:532). It is NOT a severity-weighted burden: it never reads DANGEROUS / MAJOR / MINOR"
severity_escalation_flag,B0,autosafe/feature_engineering_v55.py:533,1 when fail_rate_trend > 0.,vehicle x prior test RECORD (module reads the packet prior list newest-first),"factory packets view (tgt_* + p_* + defects_json, factory/packets.py:53-58) -> feature_engineering_v55.engineer_features",fail,last2_tests_minus_tests3to4,presence,n/a,0 = not increasing,n/a,"as-of SAFE: every packet prior carries p_date strictly < tgt_date, gated by factory/packets.py:161-174; prediction_date := tgt_date (factory/runners/b0_module_runner.py:138)",none,all: float64 with NaN for NULL (fit_contract.py:267-268),"low per row, but the whole B0 frame is a second pass over the LONG packets view (factory/runners/b0_module_runner.py:167-195), parallel over vehicles",duplicate_redundant,exact indicator of fail_rate_trend > 0 (autosafe/feature_engineering_v55.py:533)
has_advisory_history,B0,autosafe/feature_engineering_v55.py:519,1 when prev_count_advisory > 0.,vehicle x prior test RECORD (module reads the packet prior list newest-first),"factory packets view (tgt_* + p_* + defects_json, factory/packets.py:53-58) -> feature_engineering_v55.engineer_features",advisory,lifetime,presence,n/a,0 = never,n/a,"as-of SAFE: every packet prior carries p_date strictly < tgt_date, gated by factory/packets.py:161-174; prediction_date := tgt_date (factory/runners/b0_module_runner.py:138)","era-BRIDGED by design: severity->type first, disposition fallback (factory/runners/b0_module_runner.py:71-75), so pre-2018 F and post-2018 major both map to MAJOR; DANGEROUS and MINOR exist post-2018 only",all: float64 with NaN for NULL (fit_contract.py:267-268),"low per row, but the whole B0 frame is a second pass over the LONG packets view (factory/runners/b0_module_runner.py:167-195), parallel over vehicles",duplicate_redundant,exact indicator of prev_count_advisory > 0 (autosafe/feature_engineering_v55.py:519)
dominant_mechanism,B0,"autosafe/feature_engineering_v55.py:522,524,529","Most frequent text mechanism, or CLEAN / NO_HISTORY.",vehicle x prior test RECORD (module reads the packet prior list newest-first),"factory packets view (tgt_* + p_* + defects_json, factory/packets.py:53-58) -> feature_engineering_v55.engineer_features",text_mechanism,lifetime,argmax,n/a,n/a,n/a,"as-of SAFE: every packet prior carries p_date strictly < tgt_date, gated by factory/packets.py:161-174; prediction_date := tgt_date (factory/runners/b0_module_runner.py:138)",none,tree-native categorical (CatBoost/LightGBM cat_features); MLP/RealMLP and context models need an explicit encoder (fit_contract.py:249-268),"low per row, but the whole B0 frame is a second pass over the LONG packets view (factory/runners/b0_module_runner.py:167-195), parallel over vehicles",absent,"degenerate to CLEAN / NO_HISTORY / LEAK. MEASURED flat4y/r1m n=999,999: range ['CLEAN' .. 'NO_HISTORY'], NULL 0.000%"
test_month,B0,"autosafe/feature_engineering_v55.py:230,234",Calendar month of the most recent prior test; the target month when there are no priors.,vehicle x prior test RECORD (module reads the packet prior list newest-first),"factory packets view (tgt_* + p_* + defects_json, factory/packets.py:53-58) -> feature_engineering_v55.engineer_features",calendar_of_latest_prior,latest_test,latest,n/a,n/a,COHORT-SWITCHING: 0-prior rows fall back to the TARGET month (autosafe/feature_engineering_v55.py:234),"as-of SAFE but D13-UNSAFE: the module reads tests[0] after a DATE-ONLY stable sort (autosafe/feature_engineering_v55.py:221), so the value depends on WITHIN-DAY record order, which this programme declares unidentified (FACTORY_CONTRACT.md:72-74)",none,tree-native categorical (CatBoost/LightGBM cat_features); MLP/RealMLP and context models need an explicit encoder (fit_contract.py:249-268),"low per row, but the whole B0 frame is a second pass over the LONG packets view (factory/runners/b0_module_runner.py:167-195), parallel over vehicles",unsafe_ambiguous,"measures the LATEST PRIOR's month, not the target's; the quantity changes meaning by cohort"
is_winter_test,B0,"autosafe/feature_engineering_v55.py:231,235",1 when that month is Oct-Mar.,vehicle x prior test RECORD (module reads the packet prior list newest-first),"factory packets view (tgt_* + p_* + defects_json, factory/packets.py:53-58) -> feature_engineering_v55.engineer_features",calendar_of_latest_prior,latest_test,presence,n/a,0 also means 'not winter',0-prior rows use the TARGET date (autosafe/feature_engineering_v55.py:235),"as-of SAFE but D13-UNSAFE: the module reads tests[0] after a DATE-ONLY stable sort (autosafe/feature_engineering_v55.py:221), so the value depends on WITHIN-DAY record order, which this programme declares unidentified (FACTORY_CONTRACT.md:72-74)",none,all: float64 with NaN for NULL (fit_contract.py:267-268),"low per row, but the whole B0 frame is a second pass over the LONG packets view (factory/runners/b0_module_runner.py:167-195), parallel over vehicles",unsafe_ambiguous,same cohort-switch as test_month
day_of_week,B0,"autosafe/feature_engineering_v55.py:232,236",Weekday of the most recent prior test; the target weekday when there are no priors.,vehicle x prior test RECORD (module reads the packet prior list newest-first),"factory packets view (tgt_* + p_* + defects_json, factory/packets.py:53-58) -> feature_engineering_v55.engineer_features",calendar_of_latest_prior,latest_test,latest,n/a,n/a,0-prior rows use the TARGET date (autosafe/feature_engineering_v55.py:236),"as-of SAFE but D13-UNSAFE: the module reads tests[0] after a DATE-ONLY stable sort (autosafe/feature_engineering_v55.py:221), so the value depends on WITHIN-DAY record order, which this programme declares unidentified (FACTORY_CONTRACT.md:72-74)",none,tree-native categorical (CatBoost/LightGBM cat_features); MLP/RealMLP and context models need an explicit encoder (fit_contract.py:249-268),"low per row, but the whole B0 frame is a second pass over the LONG packets view (factory/runners/b0_module_runner.py:167-195), parallel over vehicles",unsafe_ambiguous,same cohort-switch as test_month
b1_n_prior_test_days,B1,factory/blocks.py:86; emitter factory/blocks.py:271-325,Prior test-DAYS (strictly earlier calendar days with >=1 test). The D13-safe depth measure.,vehicle x prior test-DAY,vehicle_day atom (results + items),prior_test,lifetime,count,raw count,0 = genuinely no prior test-day,never NULL,as-of SAFE: emit-before-update over strictly earlier calendar days (factory/state.py:317-318; factory/blocks.py:9-10); falsifiers 1 and 4,none,all: float64 with NaN for NULL (fit_contract.py:267-268),low: O(1) read of a running scalar folded once per prior day (factory/state.py:317-477),equivalent,"the D13-safe depth measure and the denominator every b2_*_persistence divides by. MEASURED flat4y/r1m n=999,999: range [0 .. 48], NULL 0.000%"
b1_n_prior_tests,B1,factory/blocks.py:87; emitter factory/blocks.py:271-325,"Prior test RECORDS, all outcomes (retests included, undifferentiated).",vehicle x prior test RECORD,vehicle_day atom (results + items),prior_test,lifetime,count,raw count,0 = no priors,never NULL,as-of SAFE: emit-before-update over strictly earlier calendar days (factory/state.py:317-318; factory/blocks.py:9-10); falsifiers 1 and 4,none,all: float64 with NaN for NULL (fit_contract.py:267-268),low: O(1) read of a running scalar folded once per prior day (factory/state.py:317-477),duplicate_redundant,"identical to B0 n_prior_tests (autosafe/feature_engineering_v55.py:400); record grain, retests undifferentiated. MEASURED flat4y/r1m n=999,999: range [0 .. 48], NULL 0.000%"
b1_n_prior_initials,B1,factory/blocks.py:88; emitter factory/blocks.py:271-325,Prior DVSA initial tests (test_type='NT' and a recorded result). Consumes test_type-in-history: research-only input.,vehicle x prior test RECORD,vehicle_day atom (results + items),prior_test,lifetime,count,raw count,0 = none,never NULL,as-of SAFE: emit-before-update over strictly earlier calendar days (factory/state.py:317-318; factory/blocks.py:9-10); falsifiers 1 and 4,n/a,all: float64 with NaN for NULL (fit_contract.py:267-268),low: O(1) read of a running scalar folded once per prior day (factory/state.py:317-477),different_window_or_semantics,"prior initial tests; RESEARCH-ONLY: consumes test_type in history, which the live API does not expose (factory/blocks.py:88; SERVE_VIEW invariant 2). It cannot serve as serving parity evidence. The serving-safe fail count is B0 n_prior_fails (autosafe/feature_engineering_v55.py:399). MEASURED flat4y/r1m n=999,999: range [0 .. 29], NULL 0.000%"
b1_n_prior_final_fails,B1,factory/blocks.py:89; emitter factory/blocks.py:271-325,Prior initial tests with outcome FAIL (final basis).,vehicle x prior test RECORD,vehicle_day atom (results + items),fail,lifetime,count,raw count,0 = none,never NULL,as-of SAFE: emit-before-update over strictly earlier calendar days (factory/state.py:317-318; factory/blocks.py:9-10); falsifiers 1 and 4,n/a,all: float64 with NaN for NULL (fit_contract.py:267-268),low: O(1) read of a running scalar folded once per prior day (factory/state.py:317-477),different_window_or_semantics,"prior initial tests with outcome FAIL; RESEARCH-ONLY: consumes test_type in history, which the live API does not expose (factory/blocks.py:89; SERVE_VIEW invariant 2). It cannot serve as serving parity evidence. The serving-safe fail count is B0 n_prior_fails (autosafe/feature_engineering_v55.py:399). MEASURED flat4y/r1m n=999,999: range [0 .. 23], NULL 0.000%"
b1_n_prior_initial_fails,B1,factory/blocks.py:90; emitter factory/blocks.py:271-325,Prior initial tests with outcome FAIL or PRS (initial basis).,vehicle x prior test RECORD,vehicle_day atom (results + items),fail,lifetime,count,raw count,0 = none,never NULL,as-of SAFE: emit-before-update over strictly earlier calendar days (factory/state.py:317-318; factory/blocks.py:9-10); falsifiers 1 and 4,n/a,all: float64 with NaN for NULL (fit_contract.py:267-268),low: O(1) read of a running scalar folded once per prior day (factory/state.py:317-477),different_window_or_semantics,"prior initial tests with FAIL or PRS; RESEARCH-ONLY: consumes test_type in history, which the live API does not expose (factory/blocks.py:90; SERVE_VIEW invariant 2). It cannot serve as serving parity evidence. The serving-safe fail count is B0 n_prior_fails (autosafe/feature_engineering_v55.py:399). MEASURED flat4y/r1m n=999,999: range [0 .. 23], NULL 0.000%"
b1_first_prior_date,B1,factory/blocks.py:91; emitter factory/blocks.py:271-325,Earliest observed prior test-day; NULL when there are no priors.,vehicle,vehicle_day atom (results + items),prior_test,lifetime,min_date,n/a,n/a,NULL without priors (factory/blocks.py:91),as-of SAFE: emit-before-update over strictly earlier calendar days (factory/state.py:317-318; factory/blocks.py:9-10); falsifiers 1 and 4,none,all: cast to an int32 ordinal so a tree can split on it (fit_contract.py:264-266),low: O(1) read of a running scalar folded once per prior day (factory/state.py:317-477),partial,"time-since-FIRST-occurrence exists for the prior-test event only, and as a raw date (b1_history_years is its elapsed form). No other event ships a first-occurrence marker. MEASURED flat4y/r1m n=999,999: range [datetime.date(2005, 1, 6) .. datetime.date(2023, 12, 9)], NULL 7.639%"
b1_last_prior_date,B1,factory/blocks.py:92; emitter factory/blocks.py:271-325,Most recent prior test-day; NULL when there are no priors.,vehicle,vehicle_day atom (results + items),prior_test,lifetime,max_date,n/a,n/a,NULL without priors (factory/blocks.py:92),as-of SAFE: emit-before-update over strictly earlier calendar days (factory/state.py:317-318; factory/blocks.py:9-10); falsifiers 1 and 4,none,all: cast to an int32 ordinal so a tree can split on it (fit_contract.py:264-266),low: O(1) read of a running scalar folded once per prior day (factory/state.py:317-477),partial,"raw latest date; the elapsed form is b5_days_since_prior_day. MEASURED flat4y/r1m n=999,999: range [datetime.date(2005, 8, 12) .. datetime.date(2023, 12, 27)], NULL 7.639%"
b1_history_years,B1,factory/blocks.py:93; emitter factory/blocks.py:271-325,"(tgt_date - b1_first_prior_date) / 365.25; NULL without priors. Observed span, not vehicle age.",vehicle,vehicle_day atom (results + items),prior_test,lifetime,duration,years,n/a,NULL without priors,as-of SAFE: emit-before-update over strictly earlier calendar days (factory/state.py:317-318; factory/blocks.py:9-10); falsifiers 1 and 4,none,all: float64 with NaN for NULL (fit_contract.py:267-268),low: O(1) read of a running scalar folded once per prior day (factory/state.py:317-477),equivalent,"CALENDAR DURATION OBSERVED - one of the four window supports the cube requires. MEASURED flat4y/r1m n=999,999: range [0.0027378507871321013 .. 18.63107460643395], NULL 7.639%"
b1_observable_years,B1,factory/blocks.py:94; emitter factory/blocks.py:271-325,"(tgt_date - max(first_use_date, 2005-01-01)) / 365.25: the window in which history COULD have been recorded.",vehicle,vehicle_day atom (results + items),observability_window,lifetime,duration,years,"0.0 when tgt_date equals max(first_use, 2005-01-01)",never NULL; the derivation is carried by b1_observable_years_status (factory/blocks.py:95),as-of SAFE: emit-before-update over strictly earlier calendar days (factory/state.py:317-318; factory/blocks.py:9-10); falsifiers 1 and 4,YES: floored at the 2005 digital-records start,all: float64 with NaN for NULL (fit_contract.py:267-268),low: O(1) read of a running scalar folded once per prior day (factory/state.py:317-477),equivalent,"the observable-window denominator. MEASURED flat4y/r1m n=999,999: range [-0.0 .. 18.99247091033539], NULL 0.000%"
b1_observable_years_status,B1,factory/blocks.py:95; emitter factory/blocks.py:271-325,How b1_observable_years was derived: observed / left_censored_2005 / first_use_missing.,vehicle,vehicle_day atom (results + items),observability_window,lifetime,status,n/a,n/a,observed / left_censored_2005 / first_use_missing,as-of SAFE: emit-before-update over strictly earlier calendar days (factory/state.py:317-318; factory/blocks.py:9-10); falsifiers 1 and 4,YES,tree-native categorical (CatBoost/LightGBM cat_features); MLP/RealMLP and context models need an explicit encoder (fit_contract.py:249-268),low: O(1) read of a running scalar folded once per prior day (factory/state.py:317-477),equivalent,explicit censoring provenance (factory/blocks.py:95); a shipped coverage indicator
b1_history_coverage_grade,B1,factory/blocks.py:96; emitter factory/blocks.py:271-325,none / left_censored / partial / full -- coverage of the observable window by recorded history.,vehicle,vehicle_day atom (results + items),prior_test,lifetime,status,n/a,n/a,none / left_censored / partial / full,as-of SAFE: emit-before-update over strictly earlier calendar days (factory/state.py:317-318; factory/blocks.py:9-10); falsifiers 1 and 4,YES,tree-native categorical (CatBoost/LightGBM cat_features); MLP/RealMLP and context models need an explicit encoder (fit_contract.py:249-268),low: O(1) read of a running scalar folded once per prior day (factory/state.py:317-477),equivalent,"the THIN-HISTORY indicator (factory/blocks.py:96; rule at factory/blocks.py:290-298, threshold 0.6 of the observable window). MEASURED flat4y/r1m n=999,999: range ['full' .. 'partial'], NULL 0.000%"
b1_left_censor_flag,B1,factory/blocks.py:97; emitter factory/blocks.py:271-325,"TRUE when first_use_date precedes the 2005 digital-records floor (history is truncated by the publication, not by the vehicle).",vehicle,vehicle_day atom (results + items),observability_window,lifetime,presence,n/a,False = not truncated by the 2005 floor,never NULL,as-of SAFE: emit-before-update over strictly earlier calendar days (factory/state.py:317-318; factory/blocks.py:9-10); falsifiers 1 and 4,YES,all: float64 with NaN for NULL (fit_contract.py:267-268),low: O(1) read of a running scalar folded once per prior day (factory/state.py:317-477),equivalent,"the LEFT-CENSORING flag at lifetime scope (factory/blocks.py:97). Per-window left-censoring is not shipped. MEASURED flat4y/r1m n=999,999: range [False .. True], NULL 0.000%"
b1_first_use_missing_flag,B1,factory/blocks.py:98; emitter factory/blocks.py:271-325,TRUE when first_use_date is NULL after ingest sanitisation.,vehicle,vehicle_day atom (results + items),vehicle_attribute,lifetime,presence,n/a,False = first_use_date present,never NULL,as-of SAFE: emit-before-update over strictly earlier calendar days (factory/state.py:317-318; factory/blocks.py:9-10); falsifiers 1 and 4,none,all: float64 with NaN for NULL (fit_contract.py:267-268),low: O(1) read of a running scalar folded once per prior day (factory/state.py:317-477),equivalent,"the companion indicator for b1_age_at_target_years (factory/blocks.py:98). MEASURED flat4y/r1m n=999,999: range [False .. True], NULL 0.000%"
b1_age_at_target_years,B1,factory/blocks.py:99; emitter factory/blocks.py:271-325,(tgt_date - first_use_date) / 365.25; NULL when first_use_date is missing (never zero-filled).,vehicle,vehicle_day atom (results + items),vehicle_attribute,none,duration,years,n/a,"NULL when first_use_date is missing, never zero-filled (factory/blocks.py:99)",as-of SAFE: emit-before-update over strictly earlier calendar days (factory/state.py:317-318; factory/blocks.py:9-10); falsifiers 1 and 4,none,all: float64 with NaN for NULL (fit_contract.py:267-268),low: O(1) read of a running scalar folded once per prior day (factory/state.py:317-477),partial,"NON-CUBE vehicle age; it does ship its own missingness flag. max 119.99 years indicates an un-sanitised first_use_date tail; MEASURED flat4y/r1m n=999,999: range [-0.0 .. 119.99452429842573], NULL 0.004%"
b1_density_per_observable_year,B1,factory/blocks.py:100; emitter factory/blocks.py:271-325,b1_n_prior_test_days / b1_observable_years; NULL when the window is non-positive.,vehicle,vehicle_day atom (results + items),prior_test,lifetime,rate,per year of OBSERVABLE history,0.0 = no priors in a positive window,NULL when the window is non-positive,as-of SAFE: emit-before-update over strictly earlier calendar days (factory/state.py:317-318; factory/blocks.py:9-10); falsifiers 1 and 4,YES (2005 floor),all: float64 with NaN for NULL (fit_contract.py:267-268),low: O(1) read of a running scalar folded once per prior day (factory/state.py:317-477),equivalent,"per-year exposure normalisation that ships BOTH raw terms (b1_n_prior_test_days and b1_observable_years). MEASURED flat4y/r1m n=999,999: range [-0.0 .. 28.096153846153843], NULL 0.002%"
b1_opportunity_adjusted_density,B1,factory/blocks.py:101; emitter factory/blocks.py:271-325,"b1_n_prior_test_days / testable years, where testable years excludes the pre-first-MOT 3 years and the 2020 COVID extension overlap.",vehicle,vehicle_day atom (results + items),prior_test,lifetime,rate,per TESTABLE year (observable minus the pre-first-MOT 3 years minus the COVID-extension overlap),0.0 = no priors,NULL when testable years <= 0,as-of SAFE: emit-before-update over strictly earlier calendar days (factory/state.py:317-318; factory/blocks.py:9-10); falsifiers 1 and 4,YES (2005 floor plus the 2020 COVID window),all: float64 with NaN for NULL (fit_contract.py:267-268),low: O(1) read of a running scalar folded once per prior day (factory/state.py:317-477),partial,"DENOMINATOR NOT SHIPPED: testable_years is computed at factory/blocks.py:281-288 and never emitted, so the ratio cannot be decomposed. max 2556.75 is a near-zero-denominator blow-up; MEASURED flat4y/r1m n=999,999: range [-0.0 .. 2556.75], NULL 6.488%"
b1_n_prior_years_observed,B1,factory/blocks.py:102; emitter factory/blocks.py:271-325,Distinct calendar years carrying >=1 prior test-day.,vehicle,vehicle_day atom (results + items),prior_test,lifetime,distinct_periods,raw count,0 = no priors,never NULL,as-of SAFE: emit-before-update over strictly earlier calendar days (factory/state.py:317-318; factory/blocks.py:9-10); falsifiers 1 and 4,none,all: float64 with NaN for NULL (fit_contract.py:267-268),low: O(1) read of a running scalar folded once per prior day (factory/state.py:317-477),partial,"distinct calendar YEARS carrying a prior test-day (factory/blocks.py:102) - a history-coverage measure, but not the ITEM-data coverage the cube asks for. MEASURED flat4y/r1m n=999,999: range [0 .. 19], NULL 0.000%"
b1_max_gap_days,B1,factory/blocks.py:103; emitter factory/blocks.py:271-325,Longest gap in days between consecutive prior test-days; NULL with <2 priors.,vehicle,vehicle_day atom (results + items),prior_test,lifetime,max,days between consecutive test-days,n/a,NULL with fewer than 2 priors (factory/blocks.py:103),as-of SAFE: emit-before-update over strictly earlier calendar days (factory/state.py:317-318; factory/blocks.py:9-10); falsifiers 1 and 4,none,all: float64 with NaN for NULL (fit_contract.py:267-268),low: O(1) read of a running scalar folded once per prior day (factory/state.py:317-477),partial,"the MAX of the inter-occurrence gap distribution - one of only three genuine max statistics in the 241. Its min and sd are absent, so range and volatility cannot be formed. MEASURED flat4y/r1m n=999,999: range [1 .. 5916], NULL 15.561%"
b1_mean_gap_days,B1,factory/blocks.py:104; emitter factory/blocks.py:271-325,Mean gap in days between consecutive prior test-days; NULL with <2 priors.,vehicle,vehicle_day atom (results + items),prior_test,lifetime,mean,days between consecutive test-days,n/a,NULL with fewer than 2 priors,as-of SAFE: emit-before-update over strictly earlier calendar days (factory/state.py:317-318; factory/blocks.py:9-10); falsifiers 1 and 4,none,all: float64 with NaN for NULL (fit_contract.py:267-268),low: O(1) read of a running scalar folded once per prior day (factory/state.py:317-477),partial,"the MEAN inter-occurrence gap, for the prior-test event only. No mileage-gap twin, and no equivalent for fail, advisory or category recurrence. MEASURED flat4y/r1m n=999,999: range [1.0 .. 5916.0], NULL 15.561%"
b1_n_prior_nonresult_days,B1,factory/blocks.py:105; emitter factory/blocks.py:271-325,"Prior test-days carrying no definitive outcome at all (abandoned/aborted/refused only). Distinct from b5_n_prior_nondefinitive_days, which is a CLUSTER-OUTCOME property.",vehicle x prior test-DAY,vehicle_day atom (results + items),nonresult,lifetime,count,raw count,0 = every prior day carried a definitive outcome,never NULL,as-of SAFE: emit-before-update over strictly earlier calendar days (factory/state.py:317-318; factory/blocks.py:9-10); falsifiers 1 and 4,none,all: float64 with NaN for NULL (fit_contract.py:267-268),low: O(1) read of a running scalar folded once per prior day (factory/state.py:317-477),equivalent,"days with NO definitive outcome at all (factory/blocks.py:105); deliberately overlaps b5_n_prior_nondefinitive_days (DEVIATIONS.md J16). MEASURED flat4y/r1m n=999,999: range [0 .. 3], NULL 0.000%"
b1_n_prior_test_days_cap2y,B1,factory/blocks.py:110-111; emitter factory/blocks.py:271-325,b1_n_prior_test_days restricted to the trailing 2-year window before tgt_date (strictly-earlier-day rule still applies inside it).,vehicle x prior test-DAY,vehicle_day atom (results + items),prior_test,trailing_2y,count,raw count,0 = no prior day inside the window,never NULL,as-of SAFE: emit-before-update over strictly earlier calendar days (factory/state.py:317-318; factory/blocks.py:9-10); falsifiers 1 and 4,none,all: float64 with NaN for NULL (fit_contract.py:267-268),low: O(log n) bisect over a bounded ascending date list (factory/state.py:278-303),equivalent,"OBSERVABLE TEST COUNT per window - the first of the four window supports (factory/blocks.py:110-111). MEASURED flat4y/r1m n=999,999: range [0 .. 10], NULL 0.000%"
b1_n_prior_initials_cap2y,B1,factory/blocks.py:112-113; emitter factory/blocks.py:271-325,b1_n_prior_initials restricted to the trailing 2-year window before tgt_date.,vehicle x prior test RECORD,vehicle_day atom (results + items),prior_test,trailing_2y,count,raw count,0 = none in window,never NULL,as-of SAFE: emit-before-update over strictly earlier calendar days (factory/state.py:317-318; factory/blocks.py:9-10); falsifiers 1 and 4,n/a,all: float64 with NaN for NULL (fit_contract.py:267-268),low: O(log n) bisect over a bounded ascending date list (factory/state.py:278-303),different_window_or_semantics,"RESEARCH-ONLY (consumes test_type in history, factory/blocks.py:112-113). MEASURED flat4y/r1m n=999,999: range [0 .. 8], NULL 0.000%"
b1_history_years_cap2y,B1,factory/blocks.py:114-115; emitter factory/blocks.py:271-325,"Observed span INSIDE the trailing 2-year window: (tgt_date - earliest in-window prior test-day) / 365.25; NULL when no prior falls in the window. NOT min(b1_history_years, 2).",vehicle x prior test-DAY,vehicle_day atom (results + items),prior_test,trailing_2y,duration,years,n/a,NULL when no prior falls in the window (factory/blocks.py:114-115),as-of SAFE: emit-before-update over strictly earlier calendar days (factory/state.py:317-318; factory/blocks.py:9-10); falsifiers 1 and 4,none,all: float64 with NaN for NULL (fit_contract.py:267-268),low: O(log n) bisect over a bounded ascending date list (factory/state.py:278-303),equivalent,"CALENDAR DURATION OBSERVED inside the window - deliberately NOT min(b1_history_years, 2); pinned by falsifier F12. MEASURED flat4y/r1m n=999,999: range [0.0027378507871321013 .. 1.995893223819302], NULL 8.503%"
b1_n_prior_test_days_cap5y,B1,factory/blocks.py:110-111; emitter factory/blocks.py:271-325,b1_n_prior_test_days restricted to the trailing 5-year window before tgt_date (strictly-earlier-day rule still applies inside it).,vehicle x prior test-DAY,vehicle_day atom (results + items),prior_test,trailing_5y,count,raw count,0 = no prior day inside the window,never NULL,as-of SAFE: emit-before-update over strictly earlier calendar days (factory/state.py:317-318; factory/blocks.py:9-10); falsifiers 1 and 4,none,all: float64 with NaN for NULL (fit_contract.py:267-268),low: O(log n) bisect over a bounded ascending date list (factory/state.py:278-303),equivalent,"OBSERVABLE TEST COUNT per window - the first of the four window supports (factory/blocks.py:110-111). MEASURED flat4y/r1m n=999,999: range [0 .. 20], NULL 0.000%"
b1_n_prior_initials_cap5y,B1,factory/blocks.py:112-113; emitter factory/blocks.py:271-325,b1_n_prior_initials restricted to the trailing 5-year window before tgt_date.,vehicle x prior test RECORD,vehicle_day atom (results + items),prior_test,trailing_5y,count,raw count,0 = none in window,never NULL,as-of SAFE: emit-before-update over strictly earlier calendar days (factory/state.py:317-318; factory/blocks.py:9-10); falsifiers 1 and 4,n/a,all: float64 with NaN for NULL (fit_contract.py:267-268),low: O(log n) bisect over a bounded ascending date list (factory/state.py:278-303),different_window_or_semantics,"RESEARCH-ONLY (consumes test_type in history, factory/blocks.py:112-113). MEASURED flat4y/r1m n=999,999: range [0 .. 15], NULL 0.000%"
b1_history_years_cap5y,B1,factory/blocks.py:114-115; emitter factory/blocks.py:271-325,"Observed span INSIDE the trailing 5-year window: (tgt_date - earliest in-window prior test-day) / 365.25; NULL when no prior falls in the window. NOT min(b1_history_years, 5).",vehicle x prior test-DAY,vehicle_day atom (results + items),prior_test,trailing_5y,duration,years,n/a,NULL when no prior falls in the window (factory/blocks.py:114-115),as-of SAFE: emit-before-update over strictly earlier calendar days (factory/state.py:317-318; factory/blocks.py:9-10); falsifiers 1 and 4,none,all: float64 with NaN for NULL (fit_contract.py:267-268),low: O(log n) bisect over a bounded ascending date list (factory/state.py:278-303),equivalent,"CALENDAR DURATION OBSERVED inside the window - deliberately NOT min(b1_history_years, 5); pinned by falsifier F12. MEASURED flat4y/r1m n=999,999: range [0.0027378507871321013 .. 4.996577686516085], NULL 7.752%"
b2_brakes_n_days,B2,factory/blocks.py:119-121; emitter factory/blocks.py:328-345,Prior test-days carrying >=1 defect item in section-category 'brakes' (any disposition).,vehicle x prior test-DAY,vehicle_day atom (results + items),item_any_disposition:brakes,lifetime,count,raw count,"0 = no such item ever, indistinguishable from absent item data. ZERO/MISSING CONFLATION AT SOURCE: the day atom coalesces the items join to 0 (factory/atoms.py:140) behind a LEFT JOIN (factory/atoms.py:240), so 'this prior test recorded no defect item' and 'this prior test's items are absent from the extract' are the same value. No item-data-coverage indicator exists in the 241",never NULL,as-of SAFE: emit-before-update over strictly earlier calendar days (factory/state.py:317-318; factory/blocks.py:9-10); falsifiers 1 and 4,none,all: float64 with NaN for NULL (fit_contract.py:267-268),"low: O(1) per category per day, 8 categories in one pass (factory/state.py:424-452)",partial,"AFFECTED-TESTS (days) for the family (factory/blocks.py:121). The RECORDED-ITEMS twin does not exist: the atom computes cat_brakes_n per day (factory/atoms.py:64) but state.update reads it only as a presence test (factory/state.py:425). MEASURED flat4y/r1m n=999,999: range [0 .. 22], NULL 0.000%"
b2_brakes_days_since,B2,factory/blocks.py:119-122; emitter factory/blocks.py:328-345,Days since the most recent prior test-day with a 'brakes' item; NULL when never observed.,vehicle x prior test-DAY,vehicle_day atom (results + items),item_any_disposition:brakes,lifetime,recency_days,days,n/a,NULL when never observed (factory/blocks.py:122),as-of SAFE: emit-before-update over strictly earlier calendar days (factory/state.py:317-318; factory/blocks.py:9-10); falsifiers 1 and 4,none,all: float64 with NaN for NULL (fit_contract.py:267-268),"low: O(1) per category per day, 8 categories in one pass (factory/state.py:424-452)",partial,"recency in DAYS only; no intervening-tests and no mileage twin for any category. MEASURED flat4y/r1m n=999,999: range [1 .. 6636], NULL 47.138%"
b2_brakes_max_run,B2,factory/blocks.py:119-123; emitter factory/blocks.py:328-345,Longest run of CONSECUTIVE observed prior test-days carrying a 'brakes' item (recurrence).,vehicle x prior test-DAY,vehicle_day atom (results + items),item_any_disposition:brakes,lifetime,streak_longest,consecutive OBSERVED test-days,0 = never present,never NULL,as-of SAFE: emit-before-update over strictly earlier calendar days (factory/state.py:317-318; factory/blocks.py:9-10); falsifiers 1 and 4,none,all: float64 with NaN for NULL (fit_contract.py:267-268),"low: O(1) per category per day, 8 categories in one pass (factory/state.py:424-452)",different_window_or_semantics,"LONGEST run (factory/blocks.py:123) but over ANY disposition, so it is neither an advisory streak nor a failure streak. The CURRENT run is tracked in state.cat_run (factory/state.py:209) and never emitted. MEASURED flat4y/r1m n=999,999: range [0 .. 20], NULL 0.000%"
b2_brakes_persistence,B2,factory/blocks.py:119-124; emitter factory/blocks.py:328-345,b2_brakes_n_days / b1_n_prior_test_days -- share of observed test-days carrying 'brakes'; NULL without priors.,vehicle x prior test-DAY,vehicle_day atom (results + items),item_any_disposition:brakes,lifetime,rate,per observed prior test-DAY,0.0 = never present,NULL without priors,as-of SAFE: emit-before-update over strictly earlier calendar days (factory/state.py:317-318; factory/blocks.py:9-10); falsifiers 1 and 4,none,all: float64 with NaN for NULL (fit_contract.py:267-268),"low: O(1) per category per day, 8 categories in one pass (factory/state.py:424-452)",equivalent,"per-observed-test exposure normalisation with BOTH raw terms shipped (factory/blocks.py:124). MEASURED flat4y/r1m n=999,999: range [-0.0 .. 1.0], NULL 7.639%"
b2_suspension_n_days,B2,factory/blocks.py:119-121; emitter factory/blocks.py:328-345,Prior test-days carrying >=1 defect item in section-category 'suspension' (any disposition).,vehicle x prior test-DAY,vehicle_day atom (results + items),item_any_disposition:suspension,lifetime,count,raw count,"0 = no such item ever, indistinguishable from absent item data. ZERO/MISSING CONFLATION AT SOURCE: the day atom coalesces the items join to 0 (factory/atoms.py:140) behind a LEFT JOIN (factory/atoms.py:240), so 'this prior test recorded no defect item' and 'this prior test's items are absent from the extract' are the same value. No item-data-coverage indicator exists in the 241",never NULL,as-of SAFE: emit-before-update over strictly earlier calendar days (factory/state.py:317-318; factory/blocks.py:9-10); falsifiers 1 and 4,none,all: float64 with NaN for NULL (fit_contract.py:267-268),"low: O(1) per category per day, 8 categories in one pass (factory/state.py:424-452)",partial,"AFFECTED-TESTS (days) for the family (factory/blocks.py:121). The RECORDED-ITEMS twin does not exist: the atom computes cat_suspension_n per day (factory/atoms.py:64) but state.update reads it only as a presence test (factory/state.py:425). MEASURED flat4y/r1m n=999,999: range [0 .. 27], NULL 0.000%"
b2_suspension_days_since,B2,factory/blocks.py:119-122; emitter factory/blocks.py:328-345,Days since the most recent prior test-day with a 'suspension' item; NULL when never observed.,vehicle x prior test-DAY,vehicle_day atom (results + items),item_any_disposition:suspension,lifetime,recency_days,days,n/a,NULL when never observed (factory/blocks.py:122),as-of SAFE: emit-before-update over strictly earlier calendar days (factory/state.py:317-318; factory/blocks.py:9-10); falsifiers 1 and 4,none,all: float64 with NaN for NULL (fit_contract.py:267-268),"low: O(1) per category per day, 8 categories in one pass (factory/state.py:424-452)",partial,"recency in DAYS only; no intervening-tests and no mileage twin for any category. MEASURED flat4y/r1m n=999,999: range [1 .. 6734], NULL 59.866%"
b2_suspension_max_run,B2,factory/blocks.py:119-123; emitter factory/blocks.py:328-345,Longest run of CONSECUTIVE observed prior test-days carrying a 'suspension' item (recurrence).,vehicle x prior test-DAY,vehicle_day atom (results + items),item_any_disposition:suspension,lifetime,streak_longest,consecutive OBSERVED test-days,0 = never present,never NULL,as-of SAFE: emit-before-update over strictly earlier calendar days (factory/state.py:317-318; factory/blocks.py:9-10); falsifiers 1 and 4,none,all: float64 with NaN for NULL (fit_contract.py:267-268),"low: O(1) per category per day, 8 categories in one pass (factory/state.py:424-452)",different_window_or_semantics,"LONGEST run (factory/blocks.py:123) but over ANY disposition, so it is neither an advisory streak nor a failure streak. The CURRENT run is tracked in state.cat_run (factory/state.py:209) and never emitted. MEASURED flat4y/r1m n=999,999: range [0 .. 27], NULL 0.000%"
b2_suspension_persistence,B2,factory/blocks.py:119-124; emitter factory/blocks.py:328-345,b2_suspension_n_days / b1_n_prior_test_days -- share of observed test-days carrying 'suspension'; NULL without priors.,vehicle x prior test-DAY,vehicle_day atom (results + items),item_any_disposition:suspension,lifetime,rate,per observed prior test-DAY,0.0 = never present,NULL without priors,as-of SAFE: emit-before-update over strictly earlier calendar days (factory/state.py:317-318; factory/blocks.py:9-10); falsifiers 1 and 4,none,all: float64 with NaN for NULL (fit_contract.py:267-268),"low: O(1) per category per day, 8 categories in one pass (factory/state.py:424-452)",equivalent,"per-observed-test exposure normalisation with BOTH raw terms shipped (factory/blocks.py:124). MEASURED flat4y/r1m n=999,999: range [-0.0 .. 1.0], NULL 7.639%"
b2_tyres_n_days,B2,factory/blocks.py:119-121; emitter factory/blocks.py:328-345,Prior test-days carrying >=1 defect item in section-category 'tyres' (any disposition).,vehicle x prior test-DAY,vehicle_day atom (results + items),item_any_disposition:tyres,lifetime,count,raw count,"0 = no such item ever, indistinguishable from absent item data. ZERO/MISSING CONFLATION AT SOURCE: the day atom coalesces the items join to 0 (factory/atoms.py:140) behind a LEFT JOIN (factory/atoms.py:240), so 'this prior test recorded no defect item' and 'this prior test's items are absent from the extract' are the same value. No item-data-coverage indicator exists in the 241",never NULL,as-of SAFE: emit-before-update over strictly earlier calendar days (factory/state.py:317-318; factory/blocks.py:9-10); falsifiers 1 and 4,none,all: float64 with NaN for NULL (fit_contract.py:267-268),"low: O(1) per category per day, 8 categories in one pass (factory/state.py:424-452)",partial,"AFFECTED-TESTS (days) for the family (factory/blocks.py:121). The RECORDED-ITEMS twin does not exist: the atom computes cat_tyres_n per day (factory/atoms.py:64) but state.update reads it only as a presence test (factory/state.py:425). MEASURED flat4y/r1m n=999,999: range [0 .. 18], NULL 0.000%"
b2_tyres_days_since,B2,factory/blocks.py:119-122; emitter factory/blocks.py:328-345,Days since the most recent prior test-day with a 'tyres' item; NULL when never observed.,vehicle x prior test-DAY,vehicle_day atom (results + items),item_any_disposition:tyres,lifetime,recency_days,days,n/a,NULL when never observed (factory/blocks.py:122),as-of SAFE: emit-before-update over strictly earlier calendar days (factory/state.py:317-318; factory/blocks.py:9-10); falsifiers 1 and 4,none,all: float64 with NaN for NULL (fit_contract.py:267-268),"low: O(1) per category per day, 8 categories in one pass (factory/state.py:424-452)",partial,"recency in DAYS only; no intervening-tests and no mileage twin for any category. MEASURED flat4y/r1m n=999,999: range [1 .. 6664], NULL 38.433%"
b2_tyres_max_run,B2,factory/blocks.py:119-123; emitter factory/blocks.py:328-345,Longest run of CONSECUTIVE observed prior test-days carrying a 'tyres' item (recurrence).,vehicle x prior test-DAY,vehicle_day atom (results + items),item_any_disposition:tyres,lifetime,streak_longest,consecutive OBSERVED test-days,0 = never present,never NULL,as-of SAFE: emit-before-update over strictly earlier calendar days (factory/state.py:317-318; factory/blocks.py:9-10); falsifiers 1 and 4,none,all: float64 with NaN for NULL (fit_contract.py:267-268),"low: O(1) per category per day, 8 categories in one pass (factory/state.py:424-452)",different_window_or_semantics,"LONGEST run (factory/blocks.py:123) but over ANY disposition, so it is neither an advisory streak nor a failure streak. The CURRENT run is tracked in state.cat_run (factory/state.py:209) and never emitted. MEASURED flat4y/r1m n=999,999: range [0 .. 14], NULL 0.000%"
b2_tyres_persistence,B2,factory/blocks.py:119-124; emitter factory/blocks.py:328-345,b2_tyres_n_days / b1_n_prior_test_days -- share of observed test-days carrying 'tyres'; NULL without priors.,vehicle x prior test-DAY,vehicle_day atom (results + items),item_any_disposition:tyres,lifetime,rate,per observed prior test-DAY,0.0 = never present,NULL without priors,as-of SAFE: emit-before-update over strictly earlier calendar days (factory/state.py:317-318; factory/blocks.py:9-10); falsifiers 1 and 4,none,all: float64 with NaN for NULL (fit_contract.py:267-268),"low: O(1) per category per day, 8 categories in one pass (factory/state.py:424-452)",equivalent,"per-observed-test exposure normalisation with BOTH raw terms shipped (factory/blocks.py:124). MEASURED flat4y/r1m n=999,999: range [-0.0 .. 1.0], NULL 7.639%"
b2_steering_n_days,B2,factory/blocks.py:119-121; emitter factory/blocks.py:328-345,Prior test-days carrying >=1 defect item in section-category 'steering' (any disposition).,vehicle x prior test-DAY,vehicle_day atom (results + items),item_any_disposition:steering,lifetime,count,raw count,"0 = no such item ever, indistinguishable from absent item data. ZERO/MISSING CONFLATION AT SOURCE: the day atom coalesces the items join to 0 (factory/atoms.py:140) behind a LEFT JOIN (factory/atoms.py:240), so 'this prior test recorded no defect item' and 'this prior test's items are absent from the extract' are the same value. No item-data-coverage indicator exists in the 241",never NULL,as-of SAFE: emit-before-update over strictly earlier calendar days (factory/state.py:317-318; factory/blocks.py:9-10); falsifiers 1 and 4,none,all: float64 with NaN for NULL (fit_contract.py:267-268),"low: O(1) per category per day, 8 categories in one pass (factory/state.py:424-452)",partial,"AFFECTED-TESTS (days) for the family (factory/blocks.py:121). The RECORDED-ITEMS twin does not exist: the atom computes cat_steering_n per day (factory/atoms.py:64) but state.update reads it only as a presence test (factory/state.py:425). MEASURED flat4y/r1m n=999,999: range [0 .. 28], NULL 0.000%"
b2_steering_days_since,B2,factory/blocks.py:119-122; emitter factory/blocks.py:328-345,Days since the most recent prior test-day with a 'steering' item; NULL when never observed.,vehicle x prior test-DAY,vehicle_day atom (results + items),item_any_disposition:steering,lifetime,recency_days,days,n/a,NULL when never observed (factory/blocks.py:122),as-of SAFE: emit-before-update over strictly earlier calendar days (factory/state.py:317-318; factory/blocks.py:9-10); falsifiers 1 and 4,none,all: float64 with NaN for NULL (fit_contract.py:267-268),"low: O(1) per category per day, 8 categories in one pass (factory/state.py:424-452)",partial,"recency in DAYS only; no intervening-tests and no mileage twin for any category. MEASURED flat4y/r1m n=999,999: range [1 .. 6640], NULL 88.974%"
b2_steering_max_run,B2,factory/blocks.py:119-123; emitter factory/blocks.py:328-345,Longest run of CONSECUTIVE observed prior test-days carrying a 'steering' item (recurrence).,vehicle x prior test-DAY,vehicle_day atom (results + items),item_any_disposition:steering,lifetime,streak_longest,consecutive OBSERVED test-days,0 = never present,never NULL,as-of SAFE: emit-before-update over strictly earlier calendar days (factory/state.py:317-318; factory/blocks.py:9-10); falsifiers 1 and 4,none,all: float64 with NaN for NULL (fit_contract.py:267-268),"low: O(1) per category per day, 8 categories in one pass (factory/state.py:424-452)",different_window_or_semantics,"LONGEST run (factory/blocks.py:123) but over ANY disposition, so it is neither an advisory streak nor a failure streak. The CURRENT run is tracked in state.cat_run (factory/state.py:209) and never emitted. MEASURED flat4y/r1m n=999,999: range [0 .. 18], NULL 0.000%"
b2_steering_persistence,B2,factory/blocks.py:119-124; emitter factory/blocks.py:328-345,b2_steering_n_days / b1_n_prior_test_days -- share of observed test-days carrying 'steering'; NULL without priors.,vehicle x prior test-DAY,vehicle_day atom (results + items),item_any_disposition:steering,lifetime,rate,per observed prior test-DAY,0.0 = never present,NULL without priors,as-of SAFE: emit-before-update over strictly earlier calendar days (factory/state.py:317-318; factory/blocks.py:9-10); falsifiers 1 and 4,none,all: float64 with NaN for NULL (fit_contract.py:267-268),"low: O(1) per category per day, 8 categories in one pass (factory/state.py:424-452)",equivalent,"per-observed-test exposure normalisation with BOTH raw terms shipped (factory/blocks.py:124). MEASURED flat4y/r1m n=999,999: range [-0.0 .. 1.0], NULL 7.639%"
b2_visibility_n_days,B2,factory/blocks.py:119-121; emitter factory/blocks.py:328-345,Prior test-days carrying >=1 defect item in section-category 'visibility' (any disposition).,vehicle x prior test-DAY,vehicle_day atom (results + items),item_any_disposition:visibility,lifetime,count,raw count,"0 = no such item ever, indistinguishable from absent item data. ZERO/MISSING CONFLATION AT SOURCE: the day atom coalesces the items join to 0 (factory/atoms.py:140) behind a LEFT JOIN (factory/atoms.py:240), so 'this prior test recorded no defect item' and 'this prior test's items are absent from the extract' are the same value. No item-data-coverage indicator exists in the 241",never NULL,as-of SAFE: emit-before-update over strictly earlier calendar days (factory/state.py:317-318; factory/blocks.py:9-10); falsifiers 1 and 4,none,all: float64 with NaN for NULL (fit_contract.py:267-268),"low: O(1) per category per day, 8 categories in one pass (factory/state.py:424-452)",partial,"AFFECTED-TESTS (days) for the family (factory/blocks.py:121). The RECORDED-ITEMS twin does not exist: the atom computes cat_visibility_n per day (factory/atoms.py:64) but state.update reads it only as a presence test (factory/state.py:425). MEASURED flat4y/r1m n=999,999: range [0 .. 20], NULL 0.000%"
b2_visibility_days_since,B2,factory/blocks.py:119-122; emitter factory/blocks.py:328-345,Days since the most recent prior test-day with a 'visibility' item; NULL when never observed.,vehicle x prior test-DAY,vehicle_day atom (results + items),item_any_disposition:visibility,lifetime,recency_days,days,n/a,NULL when never observed (factory/blocks.py:122),as-of SAFE: emit-before-update over strictly earlier calendar days (factory/state.py:317-318; factory/blocks.py:9-10); falsifiers 1 and 4,none,all: float64 with NaN for NULL (fit_contract.py:267-268),"low: O(1) per category per day, 8 categories in one pass (factory/state.py:424-452)",partial,"recency in DAYS only; no intervening-tests and no mileage twin for any category. MEASURED flat4y/r1m n=999,999: range [1 .. 6662], NULL 69.063%"
b2_visibility_max_run,B2,factory/blocks.py:119-123; emitter factory/blocks.py:328-345,Longest run of CONSECUTIVE observed prior test-days carrying a 'visibility' item (recurrence).,vehicle x prior test-DAY,vehicle_day atom (results + items),item_any_disposition:visibility,lifetime,streak_longest,consecutive OBSERVED test-days,0 = never present,never NULL,as-of SAFE: emit-before-update over strictly earlier calendar days (factory/state.py:317-318; factory/blocks.py:9-10); falsifiers 1 and 4,none,all: float64 with NaN for NULL (fit_contract.py:267-268),"low: O(1) per category per day, 8 categories in one pass (factory/state.py:424-452)",different_window_or_semantics,"LONGEST run (factory/blocks.py:123) but over ANY disposition, so it is neither an advisory streak nor a failure streak. The CURRENT run is tracked in state.cat_run (factory/state.py:209) and never emitted. MEASURED flat4y/r1m n=999,999: range [0 .. 17], NULL 0.000%"
b2_visibility_persistence,B2,factory/blocks.py:119-124; emitter factory/blocks.py:328-345,b2_visibility_n_days / b1_n_prior_test_days -- share of observed test-days carrying 'visibility'; NULL without priors.,vehicle x prior test-DAY,vehicle_day atom (results + items),item_any_disposition:visibility,lifetime,rate,per observed prior test-DAY,0.0 = never present,NULL without priors,as-of SAFE: emit-before-update over strictly earlier calendar days (factory/state.py:317-318; factory/blocks.py:9-10); falsifiers 1 and 4,none,all: float64 with NaN for NULL (fit_contract.py:267-268),"low: O(1) per category per day, 8 categories in one pass (factory/state.py:424-452)",equivalent,"per-observed-test exposure normalisation with BOTH raw terms shipped (factory/blocks.py:124). MEASURED flat4y/r1m n=999,999: range [-0.0 .. 1.0], NULL 7.639%"
b2_lamps_reflectors_and_electrical_equipment_n_days,B2,factory/blocks.py:119-121; emitter factory/blocks.py:328-345,Prior test-days carrying >=1 defect item in section-category 'lamps reflectors and electrical equipment' (any disposition).,vehicle x prior test-DAY,vehicle_day atom (results + items),item_any_disposition:lamps reflectors and electrical equipment,lifetime,count,raw count,"0 = no such item ever, indistinguishable from absent item data. ZERO/MISSING CONFLATION AT SOURCE: the day atom coalesces the items join to 0 (factory/atoms.py:140) behind a LEFT JOIN (factory/atoms.py:240), so 'this prior test recorded no defect item' and 'this prior test's items are absent from the extract' are the same value. No item-data-coverage indicator exists in the 241",never NULL,as-of SAFE: emit-before-update over strictly earlier calendar days (factory/state.py:317-318; factory/blocks.py:9-10); falsifiers 1 and 4,none,all: float64 with NaN for NULL (fit_contract.py:267-268),"low: O(1) per category per day, 8 categories in one pass (factory/state.py:424-452)",partial,"AFFECTED-TESTS (days) for the family (factory/blocks.py:121). The RECORDED-ITEMS twin does not exist: the atom computes cat_lamps_reflectors_and_electrical_equipment_n per day (factory/atoms.py:64) but state.update reads it only as a presence test (factory/state.py:425). MEASURED flat4y/r1m n=999,999: range [0 .. 19], NULL 0.000%"
b2_lamps_reflectors_and_electrical_equipment_days_since,B2,factory/blocks.py:119-122; emitter factory/blocks.py:328-345,Days since the most recent prior test-day with a 'lamps reflectors and electrical equipment' item; NULL when never observed.,vehicle x prior test-DAY,vehicle_day atom (results + items),item_any_disposition:lamps reflectors and electrical equipment,lifetime,recency_days,days,n/a,NULL when never observed (factory/blocks.py:122),as-of SAFE: emit-before-update over strictly earlier calendar days (factory/state.py:317-318; factory/blocks.py:9-10); falsifiers 1 and 4,none,all: float64 with NaN for NULL (fit_contract.py:267-268),"low: O(1) per category per day, 8 categories in one pass (factory/state.py:424-452)",partial,"recency in DAYS only; no intervening-tests and no mileage twin for any category. MEASURED flat4y/r1m n=999,999: range [1 .. 6610], NULL 58.853%"
b2_lamps_reflectors_and_electrical_equipment_max_run,B2,factory/blocks.py:119-123; emitter factory/blocks.py:328-345,Longest run of CONSECUTIVE observed prior test-days carrying a 'lamps reflectors and electrical equipment' item (recurrence).,vehicle x prior test-DAY,vehicle_day atom (results + items),item_any_disposition:lamps reflectors and electrical equipment,lifetime,streak_longest,consecutive OBSERVED test-days,0 = never present,never NULL,as-of SAFE: emit-before-update over strictly earlier calendar days (factory/state.py:317-318; factory/blocks.py:9-10); falsifiers 1 and 4,none,all: float64 with NaN for NULL (fit_contract.py:267-268),"low: O(1) per category per day, 8 categories in one pass (factory/state.py:424-452)",different_window_or_semantics,"LONGEST run (factory/blocks.py:123) but over ANY disposition, so it is neither an advisory streak nor a failure streak. The CURRENT run is tracked in state.cat_run (factory/state.py:209) and never emitted. MEASURED flat4y/r1m n=999,999: range [0 .. 16], NULL 0.000%"
b2_lamps_reflectors_and_electrical_equipment_persistence,B2,factory/blocks.py:119-124; emitter factory/blocks.py:328-345,b2_lamps_reflectors_and_electrical_equipment_n_days / b1_n_prior_test_days -- share of observed test-days carrying 'lamps reflectors and electrical equipment'; NULL without priors.,vehicle x prior test-DAY,vehicle_day atom (results + items),item_any_disposition:lamps reflectors and electrical equipment,lifetime,rate,per observed prior test-DAY,0.0 = never present,NULL without priors,as-of SAFE: emit-before-update over strictly earlier calendar days (factory/state.py:317-318; factory/blocks.py:9-10); falsifiers 1 and 4,none,all: float64 with NaN for NULL (fit_contract.py:267-268),"low: O(1) per category per day, 8 categories in one pass (factory/state.py:424-452)",equivalent,"per-observed-test exposure normalisation with BOTH raw terms shipped (factory/blocks.py:124). MEASURED flat4y/r1m n=999,999: range [-0.0 .. 1.0], NULL 7.639%"
b2_body_chassis_structure_n_days,B2,factory/blocks.py:119-121; emitter factory/blocks.py:328-345,Prior test-days carrying >=1 defect item in section-category 'body chassis structure' (any disposition).,vehicle x prior test-DAY,vehicle_day atom (results + items),item_any_disposition:body chassis structure,lifetime,count,raw count,"0 = no such item ever, indistinguishable from absent item data. ZERO/MISSING CONFLATION AT SOURCE: the day atom coalesces the items join to 0 (factory/atoms.py:140) behind a LEFT JOIN (factory/atoms.py:240), so 'this prior test recorded no defect item' and 'this prior test's items are absent from the extract' are the same value. No item-data-coverage indicator exists in the 241",never NULL,as-of SAFE: emit-before-update over strictly earlier calendar days (factory/state.py:317-318; factory/blocks.py:9-10); falsifiers 1 and 4,none,all: float64 with NaN for NULL (fit_contract.py:267-268),"low: O(1) per category per day, 8 categories in one pass (factory/state.py:424-452)",partial,"AFFECTED-TESTS (days) for the family (factory/blocks.py:121). The RECORDED-ITEMS twin does not exist: the atom computes cat_body_chassis_structure_n per day (factory/atoms.py:64) but state.update reads it only as a presence test (factory/state.py:425). MEASURED flat4y/r1m n=999,999: range [0 .. 16], NULL 0.000%"
b2_body_chassis_structure_days_since,B2,factory/blocks.py:119-122; emitter factory/blocks.py:328-345,Days since the most recent prior test-day with a 'body chassis structure' item; NULL when never observed.,vehicle x prior test-DAY,vehicle_day atom (results + items),item_any_disposition:body chassis structure,lifetime,recency_days,days,n/a,NULL when never observed (factory/blocks.py:122),as-of SAFE: emit-before-update over strictly earlier calendar days (factory/state.py:317-318; factory/blocks.py:9-10); falsifiers 1 and 4,none,all: float64 with NaN for NULL (fit_contract.py:267-268),"low: O(1) per category per day, 8 categories in one pass (factory/state.py:424-452)",partial,"recency in DAYS only; no intervening-tests and no mileage twin for any category. MEASURED flat4y/r1m n=999,999: range [1 .. 6610], NULL 85.642%"
b2_body_chassis_structure_max_run,B2,factory/blocks.py:119-123; emitter factory/blocks.py:328-345,Longest run of CONSECUTIVE observed prior test-days carrying a 'body chassis structure' item (recurrence).,vehicle x prior test-DAY,vehicle_day atom (results + items),item_any_disposition:body chassis structure,lifetime,streak_longest,consecutive OBSERVED test-days,0 = never present,never NULL,as-of SAFE: emit-before-update over strictly earlier calendar days (factory/state.py:317-318; factory/blocks.py:9-10); falsifiers 1 and 4,none,all: float64 with NaN for NULL (fit_contract.py:267-268),"low: O(1) per category per day, 8 categories in one pass (factory/state.py:424-452)",different_window_or_semantics,"LONGEST run (factory/blocks.py:123) but over ANY disposition, so it is neither an advisory streak nor a failure streak. The CURRENT run is tracked in state.cat_run (factory/state.py:209) and never emitted. MEASURED flat4y/r1m n=999,999: range [0 .. 12], NULL 0.000%"
b2_body_chassis_structure_persistence,B2,factory/blocks.py:119-124; emitter factory/blocks.py:328-345,b2_body_chassis_structure_n_days / b1_n_prior_test_days -- share of observed test-days carrying 'body chassis structure'; NULL without priors.,vehicle x prior test-DAY,vehicle_day atom (results + items),item_any_disposition:body chassis structure,lifetime,rate,per observed prior test-DAY,0.0 = never present,NULL without priors,as-of SAFE: emit-before-update over strictly earlier calendar days (factory/state.py:317-318; factory/blocks.py:9-10); falsifiers 1 and 4,none,all: float64 with NaN for NULL (fit_contract.py:267-268),"low: O(1) per category per day, 8 categories in one pass (factory/state.py:424-452)",equivalent,"per-observed-test exposure normalisation with BOTH raw terms shipped (factory/blocks.py:124). MEASURED flat4y/r1m n=999,999: range [-0.0 .. 1.0], NULL 7.639%"
b2_other_n_days,B2,factory/blocks.py:119-121; emitter factory/blocks.py:328-345,Prior test-days carrying >=1 defect item in section-category 'other' (any disposition).,vehicle x prior test-DAY,vehicle_day atom (results + items),item_any_disposition:other,lifetime,count,raw count,"0 = no such item ever, indistinguishable from absent item data. ZERO/MISSING CONFLATION AT SOURCE: the day atom coalesces the items join to 0 (factory/atoms.py:140) behind a LEFT JOIN (factory/atoms.py:240), so 'this prior test recorded no defect item' and 'this prior test's items are absent from the extract' are the same value. No item-data-coverage indicator exists in the 241",never NULL,as-of SAFE: emit-before-update over strictly earlier calendar days (factory/state.py:317-318; factory/blocks.py:9-10); falsifiers 1 and 4,none,all: float64 with NaN for NULL (fit_contract.py:267-268),"low: O(1) per category per day, 8 categories in one pass (factory/state.py:424-452)",partial,"AFFECTED-TESTS (days) for the family (factory/blocks.py:121). The RECORDED-ITEMS twin does not exist: the atom computes cat_other_n per day (factory/atoms.py:64) but state.update reads it only as a presence test (factory/state.py:425). MEASURED flat4y/r1m n=999,999: range [0 .. 24], NULL 0.000%"
b2_other_days_since,B2,factory/blocks.py:119-122; emitter factory/blocks.py:328-345,Days since the most recent prior test-day with a 'other' item; NULL when never observed.,vehicle x prior test-DAY,vehicle_day atom (results + items),item_any_disposition:other,lifetime,recency_days,days,n/a,NULL when never observed (factory/blocks.py:122),as-of SAFE: emit-before-update over strictly earlier calendar days (factory/state.py:317-318; factory/blocks.py:9-10); falsifiers 1 and 4,none,all: float64 with NaN for NULL (fit_contract.py:267-268),"low: O(1) per category per day, 8 categories in one pass (factory/state.py:424-452)",partial,"recency in DAYS only; no intervening-tests and no mileage twin for any category. MEASURED flat4y/r1m n=999,999: range [1 .. 6707], NULL 63.331%"
b2_other_max_run,B2,factory/blocks.py:119-123; emitter factory/blocks.py:328-345,Longest run of CONSECUTIVE observed prior test-days carrying a 'other' item (recurrence).,vehicle x prior test-DAY,vehicle_day atom (results + items),item_any_disposition:other,lifetime,streak_longest,consecutive OBSERVED test-days,0 = never present,never NULL,as-of SAFE: emit-before-update over strictly earlier calendar days (factory/state.py:317-318; factory/blocks.py:9-10); falsifiers 1 and 4,none,all: float64 with NaN for NULL (fit_contract.py:267-268),"low: O(1) per category per day, 8 categories in one pass (factory/state.py:424-452)",different_window_or_semantics,"LONGEST run (factory/blocks.py:123) but over ANY disposition, so it is neither an advisory streak nor a failure streak. The CURRENT run is tracked in state.cat_run (factory/state.py:209) and never emitted. MEASURED flat4y/r1m n=999,999: range [0 .. 18], NULL 0.000%"
b2_other_persistence,B2,factory/blocks.py:119-124; emitter factory/blocks.py:328-345,b2_other_n_days / b1_n_prior_test_days -- share of observed test-days carrying 'other'; NULL without priors.,vehicle x prior test-DAY,vehicle_day atom (results + items),item_any_disposition:other,lifetime,rate,per observed prior test-DAY,0.0 = never present,NULL without priors,as-of SAFE: emit-before-update over strictly earlier calendar days (factory/state.py:317-318; factory/blocks.py:9-10); falsifiers 1 and 4,none,all: float64 with NaN for NULL (fit_contract.py:267-268),"low: O(1) per category per day, 8 categories in one pass (factory/state.py:424-452)",equivalent,"per-observed-test exposure normalisation with BOTH raw terms shipped (factory/blocks.py:124). MEASURED flat4y/r1m n=999,999: range [-0.0 .. 1.0], NULL 7.639%"
b2_breadth_categories,B2,factory/blocks.py:127; emitter factory/blocks.py:328-345,Distinct section-categories ever seen on a prior test-day (breadth of defect history).,vehicle x prior test-DAY,vehicle_day atom (results + items),item_any_disposition,lifetime,distinct_families,raw count,0 = no items ever,never NULL,as-of SAFE: emit-before-update over strictly earlier calendar days (factory/state.py:317-318; factory/blocks.py:9-10); falsifiers 1 and 4,none,all: float64 with NaN for NULL (fit_contract.py:267-268),"low: O(1) per category per day, 8 categories in one pass (factory/state.py:424-452)",partial,"DISTINCT FAMILIES at 8-category grain (factory/blocks.py:127). The 26-section and rfr-code grains exist in the atom and the packets payload (factory/packets.py:22-29) but are never counted into a column. MEASURED flat4y/r1m n=999,999: range [0 .. 8], NULL 0.000%"
b2_last_day_n_categories,B2,factory/blocks.py:128; emitter factory/blocks.py:328-345,Distinct section-categories present on the most recent prior test-day; NULL without priors.,vehicle x prior test-DAY,vehicle_day atom (results + items),item_any_disposition,latest_day,distinct_families,raw count,0 = the most recent prior day carried no items,NULL without priors,as-of SAFE: emit-before-update over strictly earlier calendar days (factory/state.py:317-318; factory/blocks.py:9-10); falsifiers 1 and 4,none,all: float64 with NaN for NULL (fit_contract.py:267-268),"low: O(1) per category per day, 8 categories in one pass (factory/state.py:424-452)",equivalent,"the LATEST-window twin of b2_breadth_categories (factory/blocks.py:128). MEASURED flat4y/r1m n=999,999: range [0 .. 8], NULL 7.639%"
b2_n_items_total,B2,factory/blocks.py:129; emitter factory/blocks.py:328-345,Total prior defect items across all prior test-days (all dispositions).,vehicle x prior ITEM,vehicle_day atom (results + items),item_any_disposition,lifetime,count,raw count,"0 = no items ever recorded. ZERO/MISSING CONFLATION AT SOURCE: the day atom coalesces the items join to 0 (factory/atoms.py:140) behind a LEFT JOIN (factory/atoms.py:240), so 'this prior test recorded no defect item' and 'this prior test's items are absent from the extract' are the same value. No item-data-coverage indicator exists in the 241",never NULL,as-of SAFE: emit-before-update over strictly earlier calendar days (factory/state.py:317-318; factory/blocks.py:9-10); falsifiers 1 and 4,none,all: float64 with NaN for NULL (fit_contract.py:267-268),"medium: the per-category/severity FILTER aggregates live in item_test_atom (factory/atoms.py:61-124), the largest hash state in the build",partial,"the RECORDED-ITEMS count, but ONLY pooled across all families (factory/blocks.py:129). No per-family and no per-window item count exists. MEASURED flat4y/r1m n=999,999: range [0 .. 435], NULL 0.000%"
b2_n_catalogue_miss_items,B2,factory/blocks.py:130; emitter factory/blocks.py:328-345,"Prior item rows whose rfr_id is absent from the class-4 catalogue (counted, never folded into 'other').",vehicle x prior ITEM,vehicle_day atom (results + items),item_code_unmapped,lifetime,count,raw count,0 = every rfr_id resolved against the class-4 catalogue,never NULL,as-of SAFE: emit-before-update over strictly earlier calendar days (factory/state.py:317-318; factory/blocks.py:9-10); falsifiers 1 and 4,YES: a 2023-03 class-4 catalogue applied to 2005-2023 items; the 90->114->60 code-granularity regime has no era-stable map (FEATURE_DICTIONARY ruling 4),all: float64 with NaN for NULL (fit_contract.py:267-268),"medium: the per-category/severity FILTER aggregates live in item_test_atom (factory/atoms.py:61-124), the largest hash state in the build",equivalent,"the only code-grain column in the 241 (factory/blocks.py:130) and a genuine taxonomy-coverage indicator, never folded into 'other'. MEASURED flat4y/r1m n=999,999: range [0 .. 19], NULL 0.000%"
b2_brakes_n_days_cap2y,B2,factory/blocks.py:132-137; emitter factory/blocks.py:328-345,b2_brakes_n_days restricted to the trailing 2-year window before tgt_date.,vehicle x prior test-DAY,vehicle_day atom (results + items),item_any_disposition:brakes,trailing_2y,count,raw count,"0 = none in window. ZERO/MISSING CONFLATION AT SOURCE: the day atom coalesces the items join to 0 (factory/atoms.py:140) behind a LEFT JOIN (factory/atoms.py:240), so 'this prior test recorded no defect item' and 'this prior test's items are absent from the extract' are the same value. No item-data-coverage indicator exists in the 241",never NULL,as-of SAFE: emit-before-update over strictly earlier calendar days (factory/state.py:317-318; factory/blocks.py:9-10); falsifiers 1 and 4,none,all: float64 with NaN for NULL (fit_contract.py:267-268),low: O(log n) bisect over a bounded ascending date list (factory/state.py:278-303),partial,"the only per-family windowed statistic (factory/blocks.py:135-137); DAYS, not items. The capped days-since twins were deliberately dropped and are exactly reconstructible (FEATURE_DICTIONARY ruling 6). MEASURED flat4y/r1m n=999,999: range [0 .. 7], NULL 0.000%"
b2_suspension_n_days_cap2y,B2,factory/blocks.py:132-137; emitter factory/blocks.py:328-345,b2_suspension_n_days restricted to the trailing 2-year window before tgt_date.,vehicle x prior test-DAY,vehicle_day atom (results + items),item_any_disposition:suspension,trailing_2y,count,raw count,"0 = none in window. ZERO/MISSING CONFLATION AT SOURCE: the day atom coalesces the items join to 0 (factory/atoms.py:140) behind a LEFT JOIN (factory/atoms.py:240), so 'this prior test recorded no defect item' and 'this prior test's items are absent from the extract' are the same value. No item-data-coverage indicator exists in the 241",never NULL,as-of SAFE: emit-before-update over strictly earlier calendar days (factory/state.py:317-318; factory/blocks.py:9-10); falsifiers 1 and 4,none,all: float64 with NaN for NULL (fit_contract.py:267-268),low: O(log n) bisect over a bounded ascending date list (factory/state.py:278-303),partial,"the only per-family windowed statistic (factory/blocks.py:135-137); DAYS, not items. The capped days-since twins were deliberately dropped and are exactly reconstructible (FEATURE_DICTIONARY ruling 6). MEASURED flat4y/r1m n=999,999: range [0 .. 6], NULL 0.000%"
b2_tyres_n_days_cap2y,B2,factory/blocks.py:132-137; emitter factory/blocks.py:328-345,b2_tyres_n_days restricted to the trailing 2-year window before tgt_date.,vehicle x prior test-DAY,vehicle_day atom (results + items),item_any_disposition:tyres,trailing_2y,count,raw count,"0 = none in window. ZERO/MISSING CONFLATION AT SOURCE: the day atom coalesces the items join to 0 (factory/atoms.py:140) behind a LEFT JOIN (factory/atoms.py:240), so 'this prior test recorded no defect item' and 'this prior test's items are absent from the extract' are the same value. No item-data-coverage indicator exists in the 241",never NULL,as-of SAFE: emit-before-update over strictly earlier calendar days (factory/state.py:317-318; factory/blocks.py:9-10); falsifiers 1 and 4,none,all: float64 with NaN for NULL (fit_contract.py:267-268),low: O(log n) bisect over a bounded ascending date list (factory/state.py:278-303),partial,"the only per-family windowed statistic (factory/blocks.py:135-137); DAYS, not items. The capped days-since twins were deliberately dropped and are exactly reconstructible (FEATURE_DICTIONARY ruling 6). MEASURED flat4y/r1m n=999,999: range [0 .. 7], NULL 0.000%"
b2_steering_n_days_cap2y,B2,factory/blocks.py:132-137; emitter factory/blocks.py:328-345,b2_steering_n_days restricted to the trailing 2-year window before tgt_date.,vehicle x prior test-DAY,vehicle_day atom (results + items),item_any_disposition:steering,trailing_2y,count,raw count,"0 = none in window. ZERO/MISSING CONFLATION AT SOURCE: the day atom coalesces the items join to 0 (factory/atoms.py:140) behind a LEFT JOIN (factory/atoms.py:240), so 'this prior test recorded no defect item' and 'this prior test's items are absent from the extract' are the same value. No item-data-coverage indicator exists in the 241",never NULL,as-of SAFE: emit-before-update over strictly earlier calendar days (factory/state.py:317-318; factory/blocks.py:9-10); falsifiers 1 and 4,none,all: float64 with NaN for NULL (fit_contract.py:267-268),low: O(log n) bisect over a bounded ascending date list (factory/state.py:278-303),partial,"the only per-family windowed statistic (factory/blocks.py:135-137); DAYS, not items. The capped days-since twins were deliberately dropped and are exactly reconstructible (FEATURE_DICTIONARY ruling 6). MEASURED flat4y/r1m n=999,999: range [0 .. 7], NULL 0.000%"
b2_visibility_n_days_cap2y,B2,factory/blocks.py:132-137; emitter factory/blocks.py:328-345,b2_visibility_n_days restricted to the trailing 2-year window before tgt_date.,vehicle x prior test-DAY,vehicle_day atom (results + items),item_any_disposition:visibility,trailing_2y,count,raw count,"0 = none in window. ZERO/MISSING CONFLATION AT SOURCE: the day atom coalesces the items join to 0 (factory/atoms.py:140) behind a LEFT JOIN (factory/atoms.py:240), so 'this prior test recorded no defect item' and 'this prior test's items are absent from the extract' are the same value. No item-data-coverage indicator exists in the 241",never NULL,as-of SAFE: emit-before-update over strictly earlier calendar days (factory/state.py:317-318; factory/blocks.py:9-10); falsifiers 1 and 4,none,all: float64 with NaN for NULL (fit_contract.py:267-268),low: O(log n) bisect over a bounded ascending date list (factory/state.py:278-303),partial,"the only per-family windowed statistic (factory/blocks.py:135-137); DAYS, not items. The capped days-since twins were deliberately dropped and are exactly reconstructible (FEATURE_DICTIONARY ruling 6). MEASURED flat4y/r1m n=999,999: range [0 .. 7], NULL 0.000%"
b2_lamps_reflectors_and_electrical_equipment_n_days_cap2y,B2,factory/blocks.py:132-137; emitter factory/blocks.py:328-345,b2_lamps_reflectors_and_electrical_equipment_n_days restricted to the trailing 2-year window before tgt_date.,vehicle x prior test-DAY,vehicle_day atom (results + items),item_any_disposition:lamps reflectors and electrical equipment,trailing_2y,count,raw count,"0 = none in window. ZERO/MISSING CONFLATION AT SOURCE: the day atom coalesces the items join to 0 (factory/atoms.py:140) behind a LEFT JOIN (factory/atoms.py:240), so 'this prior test recorded no defect item' and 'this prior test's items are absent from the extract' are the same value. No item-data-coverage indicator exists in the 241",never NULL,as-of SAFE: emit-before-update over strictly earlier calendar days (factory/state.py:317-318; factory/blocks.py:9-10); falsifiers 1 and 4,none,all: float64 with NaN for NULL (fit_contract.py:267-268),low: O(log n) bisect over a bounded ascending date list (factory/state.py:278-303),partial,"the only per-family windowed statistic (factory/blocks.py:135-137); DAYS, not items. The capped days-since twins were deliberately dropped and are exactly reconstructible (FEATURE_DICTIONARY ruling 6). MEASURED flat4y/r1m n=999,999: range [0 .. 7], NULL 0.000%"
b2_body_chassis_structure_n_days_cap2y,B2,factory/blocks.py:132-137; emitter factory/blocks.py:328-345,b2_body_chassis_structure_n_days restricted to the trailing 2-year window before tgt_date.,vehicle x prior test-DAY,vehicle_day atom (results + items),item_any_disposition:body chassis structure,trailing_2y,count,raw count,"0 = none in window. ZERO/MISSING CONFLATION AT SOURCE: the day atom coalesces the items join to 0 (factory/atoms.py:140) behind a LEFT JOIN (factory/atoms.py:240), so 'this prior test recorded no defect item' and 'this prior test's items are absent from the extract' are the same value. No item-data-coverage indicator exists in the 241",never NULL,as-of SAFE: emit-before-update over strictly earlier calendar days (factory/state.py:317-318; factory/blocks.py:9-10); falsifiers 1 and 4,none,all: float64 with NaN for NULL (fit_contract.py:267-268),low: O(log n) bisect over a bounded ascending date list (factory/state.py:278-303),partial,"the only per-family windowed statistic (factory/blocks.py:135-137); DAYS, not items. The capped days-since twins were deliberately dropped and are exactly reconstructible (FEATURE_DICTIONARY ruling 6). MEASURED flat4y/r1m n=999,999: range [0 .. 5], NULL 0.000%"
b2_brakes_n_days_cap5y,B2,factory/blocks.py:132-137; emitter factory/blocks.py:328-345,b2_brakes_n_days restricted to the trailing 5-year window before tgt_date.,vehicle x prior test-DAY,vehicle_day atom (results + items),item_any_disposition:brakes,trailing_5y,count,raw count,"0 = none in window. ZERO/MISSING CONFLATION AT SOURCE: the day atom coalesces the items join to 0 (factory/atoms.py:140) behind a LEFT JOIN (factory/atoms.py:240), so 'this prior test recorded no defect item' and 'this prior test's items are absent from the extract' are the same value. No item-data-coverage indicator exists in the 241",never NULL,as-of SAFE: emit-before-update over strictly earlier calendar days (factory/state.py:317-318; factory/blocks.py:9-10); falsifiers 1 and 4,none,all: float64 with NaN for NULL (fit_contract.py:267-268),low: O(log n) bisect over a bounded ascending date list (factory/state.py:278-303),partial,"the only per-family windowed statistic (factory/blocks.py:135-137); DAYS, not items. The capped days-since twins were deliberately dropped and are exactly reconstructible (FEATURE_DICTIONARY ruling 6). MEASURED flat4y/r1m n=999,999: range [0 .. 13], NULL 0.000%"
b2_suspension_n_days_cap5y,B2,factory/blocks.py:132-137; emitter factory/blocks.py:328-345,b2_suspension_n_days restricted to the trailing 5-year window before tgt_date.,vehicle x prior test-DAY,vehicle_day atom (results + items),item_any_disposition:suspension,trailing_5y,count,raw count,"0 = none in window. ZERO/MISSING CONFLATION AT SOURCE: the day atom coalesces the items join to 0 (factory/atoms.py:140) behind a LEFT JOIN (factory/atoms.py:240), so 'this prior test recorded no defect item' and 'this prior test's items are absent from the extract' are the same value. No item-data-coverage indicator exists in the 241",never NULL,as-of SAFE: emit-before-update over strictly earlier calendar days (factory/state.py:317-318; factory/blocks.py:9-10); falsifiers 1 and 4,none,all: float64 with NaN for NULL (fit_contract.py:267-268),low: O(log n) bisect over a bounded ascending date list (factory/state.py:278-303),partial,"the only per-family windowed statistic (factory/blocks.py:135-137); DAYS, not items. The capped days-since twins were deliberately dropped and are exactly reconstructible (FEATURE_DICTIONARY ruling 6). MEASURED flat4y/r1m n=999,999: range [0 .. 14], NULL 0.000%"
b2_tyres_n_days_cap5y,B2,factory/blocks.py:132-137; emitter factory/blocks.py:328-345,b2_tyres_n_days restricted to the trailing 5-year window before tgt_date.,vehicle x prior test-DAY,vehicle_day atom (results + items),item_any_disposition:tyres,trailing_5y,count,raw count,"0 = none in window. ZERO/MISSING CONFLATION AT SOURCE: the day atom coalesces the items join to 0 (factory/atoms.py:140) behind a LEFT JOIN (factory/atoms.py:240), so 'this prior test recorded no defect item' and 'this prior test's items are absent from the extract' are the same value. No item-data-coverage indicator exists in the 241",never NULL,as-of SAFE: emit-before-update over strictly earlier calendar days (factory/state.py:317-318; factory/blocks.py:9-10); falsifiers 1 and 4,none,all: float64 with NaN for NULL (fit_contract.py:267-268),low: O(log n) bisect over a bounded ascending date list (factory/state.py:278-303),partial,"the only per-family windowed statistic (factory/blocks.py:135-137); DAYS, not items. The capped days-since twins were deliberately dropped and are exactly reconstructible (FEATURE_DICTIONARY ruling 6). MEASURED flat4y/r1m n=999,999: range [0 .. 10], NULL 0.000%"
b2_steering_n_days_cap5y,B2,factory/blocks.py:132-137; emitter factory/blocks.py:328-345,b2_steering_n_days restricted to the trailing 5-year window before tgt_date.,vehicle x prior test-DAY,vehicle_day atom (results + items),item_any_disposition:steering,trailing_5y,count,raw count,"0 = none in window. ZERO/MISSING CONFLATION AT SOURCE: the day atom coalesces the items join to 0 (factory/atoms.py:140) behind a LEFT JOIN (factory/atoms.py:240), so 'this prior test recorded no defect item' and 'this prior test's items are absent from the extract' are the same value. No item-data-coverage indicator exists in the 241",never NULL,as-of SAFE: emit-before-update over strictly earlier calendar days (factory/state.py:317-318; factory/blocks.py:9-10); falsifiers 1 and 4,none,all: float64 with NaN for NULL (fit_contract.py:267-268),low: O(log n) bisect over a bounded ascending date list (factory/state.py:278-303),partial,"the only per-family windowed statistic (factory/blocks.py:135-137); DAYS, not items. The capped days-since twins were deliberately dropped and are exactly reconstructible (FEATURE_DICTIONARY ruling 6). MEASURED flat4y/r1m n=999,999: range [0 .. 9], NULL 0.000%"
b2_visibility_n_days_cap5y,B2,factory/blocks.py:132-137; emitter factory/blocks.py:328-345,b2_visibility_n_days restricted to the trailing 5-year window before tgt_date.,vehicle x prior test-DAY,vehicle_day atom (results + items),item_any_disposition:visibility,trailing_5y,count,raw count,"0 = none in window. ZERO/MISSING CONFLATION AT SOURCE: the day atom coalesces the items join to 0 (factory/atoms.py:140) behind a LEFT JOIN (factory/atoms.py:240), so 'this prior test recorded no defect item' and 'this prior test's items are absent from the extract' are the same value. No item-data-coverage indicator exists in the 241",never NULL,as-of SAFE: emit-before-update over strictly earlier calendar days (factory/state.py:317-318; factory/blocks.py:9-10); falsifiers 1 and 4,none,all: float64 with NaN for NULL (fit_contract.py:267-268),low: O(log n) bisect over a bounded ascending date list (factory/state.py:278-303),partial,"the only per-family windowed statistic (factory/blocks.py:135-137); DAYS, not items. The capped days-since twins were deliberately dropped and are exactly reconstructible (FEATURE_DICTIONARY ruling 6). MEASURED flat4y/r1m n=999,999: range [0 .. 10], NULL 0.000%"
b2_lamps_reflectors_and_electrical_equipment_n_days_cap5y,B2,factory/blocks.py:132-137; emitter factory/blocks.py:328-345,b2_lamps_reflectors_and_electrical_equipment_n_days restricted to the trailing 5-year window before tgt_date.,vehicle x prior test-DAY,vehicle_day atom (results + items),item_any_disposition:lamps reflectors and electrical equipment,trailing_5y,count,raw count,"0 = none in window. ZERO/MISSING CONFLATION AT SOURCE: the day atom coalesces the items join to 0 (factory/atoms.py:140) behind a LEFT JOIN (factory/atoms.py:240), so 'this prior test recorded no defect item' and 'this prior test's items are absent from the extract' are the same value. No item-data-coverage indicator exists in the 241",never NULL,as-of SAFE: emit-before-update over strictly earlier calendar days (factory/state.py:317-318; factory/blocks.py:9-10); falsifiers 1 and 4,none,all: float64 with NaN for NULL (fit_contract.py:267-268),low: O(log n) bisect over a bounded ascending date list (factory/state.py:278-303),partial,"the only per-family windowed statistic (factory/blocks.py:135-137); DAYS, not items. The capped days-since twins were deliberately dropped and are exactly reconstructible (FEATURE_DICTIONARY ruling 6). MEASURED flat4y/r1m n=999,999: range [0 .. 10], NULL 0.000%"
b2_body_chassis_structure_n_days_cap5y,B2,factory/blocks.py:132-137; emitter factory/blocks.py:328-345,b2_body_chassis_structure_n_days restricted to the trailing 5-year window before tgt_date.,vehicle x prior test-DAY,vehicle_day atom (results + items),item_any_disposition:body chassis structure,trailing_5y,count,raw count,"0 = none in window. ZERO/MISSING CONFLATION AT SOURCE: the day atom coalesces the items join to 0 (factory/atoms.py:140) behind a LEFT JOIN (factory/atoms.py:240), so 'this prior test recorded no defect item' and 'this prior test's items are absent from the extract' are the same value. No item-data-coverage indicator exists in the 241",never NULL,as-of SAFE: emit-before-update over strictly earlier calendar days (factory/state.py:317-318; factory/blocks.py:9-10); falsifiers 1 and 4,none,all: float64 with NaN for NULL (fit_contract.py:267-268),low: O(log n) bisect over a bounded ascending date list (factory/state.py:278-303),partial,"the only per-family windowed statistic (factory/blocks.py:135-137); DAYS, not items. The capped days-since twins were deliberately dropped and are exactly reconstructible (FEATURE_DICTIONARY ruling 6). MEASURED flat4y/r1m n=999,999: range [0 .. 10], NULL 0.000%"
b3_n_days_fine_severity_observable,B3,factory/blocks.py:140; emitter factory/blocks.py:348-381,Prior test-days on/after 2018-05-20 -- the DENOMINATOR for every dangerous/major/minor count.,vehicle x prior test-DAY,vehicle_day atom (results + items),severity_observability,lifetime,count,raw count,0 = no prior day on or after 2018-05-20,never NULL,as-of SAFE: emit-before-update over strictly earlier calendar days (factory/state.py:317-318; factory/blocks.py:9-10); falsifiers 1 and 4,"YES, HARD: dangerous / major / minor are post-2018 only; pre-2018 is UNOBSERVABLE and emitted NULL, never zero (factory/blocks.py:357-360)",all: float64 with NaN for NULL (fit_contract.py:267-268),"medium: the per-category/severity FILTER aggregates live in item_test_atom (factory/atoms.py:61-124), the largest hash state in the build",equivalent,"the honest denominator for every dangerous/major/minor count (factory/blocks.py:140) and the shipped LEGACY/CURRENT CODING-ERA indicator. MEASURED flat4y/r1m n=999,999: range [0 .. 19], NULL 0.000%"
b3_severity_observability_status,B3,factory/blocks.py:141; emitter factory/blocks.py:348-381,none / partial / full: whether the fine severity ladder was observable across this vehicle's prior history.,vehicle x prior test-DAY,vehicle_day atom (results + items),severity_observability,lifetime,status,n/a,n/a,none / partial / full,as-of SAFE: emit-before-update over strictly earlier calendar days (factory/state.py:317-318; factory/blocks.py:9-10); falsifiers 1 and 4,"YES, HARD: dangerous / major / minor are post-2018 only; pre-2018 is UNOBSERVABLE and emitted NULL, never zero (factory/blocks.py:357-360)",tree-native categorical (CatBoost/LightGBM cat_features); MLP/RealMLP and context models need an explicit encoder (fit_contract.py:249-268),"medium: the per-category/severity FILTER aggregates live in item_test_atom (factory/atoms.py:61-124), the largest hash state in the build",equivalent,"explicit era-coverage status (factory/blocks.py:141). MEASURED flat4y/r1m n=999,999: range ['full' .. 'partial'], NULL 0.000%"
b3_n_dangerous_items,B3,factory/blocks.py:142; emitter factory/blocks.py:348-381,Prior items with dangerous_mark='D' (post-2018 only); NULL when no prior day is severity-observable.,vehicle x prior ITEM,vehicle_day atom (results + items),dangerous,lifetime,count,raw count,0 = observable and none,NULL when no prior day is severity-observable (factory/blocks.py:142),as-of SAFE: emit-before-update over strictly earlier calendar days (factory/state.py:317-318; factory/blocks.py:9-10); falsifiers 1 and 4,"YES, HARD: dangerous / major / minor are post-2018 only; pre-2018 is UNOBSERVABLE and emitted NULL, never zero (factory/blocks.py:357-360)",all: float64 with NaN for NULL (fit_contract.py:267-268),"medium: the per-category/severity FILTER aggregates live in item_test_atom (factory/atoms.py:61-124), the largest hash state in the build",partial,"lifetime ITEM count on the severity axis; no window variants, no per-family split, and no severity-WEIGHTED composite exists anywhere in the 241. MEASURED flat4y/r1m n=999,999: range [0 .. 23], NULL 7.959%"
b3_n_dangerous_days,B3,factory/blocks.py:143; emitter factory/blocks.py:348-381,Prior test-days carrying >=1 dangerous item; NULL when unobservable.,vehicle x prior test-DAY,vehicle_day atom (results + items),dangerous,lifetime,count,raw count,0 = observable and none,NULL when unobservable (factory/blocks.py:143),as-of SAFE: emit-before-update over strictly earlier calendar days (factory/state.py:317-318; factory/blocks.py:9-10); falsifiers 1 and 4,"YES, HARD: dangerous / major / minor are post-2018 only; pre-2018 is UNOBSERVABLE and emitted NULL, never zero (factory/blocks.py:357-360)",all: float64 with NaN for NULL (fit_contract.py:267-268),"medium: the per-category/severity FILTER aggregates live in item_test_atom (factory/atoms.py:61-124), the largest hash state in the build",partial,"the AFFECTED-TESTS count on the severity axis, correctly distinct from the item count. No window variants. MEASURED flat4y/r1m n=999,999: range [0 .. 6], NULL 7.959%"
b3_days_since_dangerous,B3,factory/blocks.py:144; emitter factory/blocks.py:348-381,Days since the most recent prior dangerous item; NULL when never/unobservable.,vehicle x prior test-DAY,vehicle_day atom (results + items),dangerous,lifetime,recency_days,days,n/a,NULL when never OR when unobservable - the two are NOT separated in this column (factory/blocks.py:144); b3_severity_observability_status resolves it,as-of SAFE: emit-before-update over strictly earlier calendar days (factory/state.py:317-318; factory/blocks.py:9-10); falsifiers 1 and 4,"YES, HARD: dangerous / major / minor are post-2018 only; pre-2018 is UNOBSERVABLE and emitted NULL, never zero (factory/blocks.py:357-360)",all: float64 with NaN for NULL (fit_contract.py:267-268),"medium: the per-category/severity FILTER aggregates live in item_test_atom (factory/atoms.py:61-124), the largest hash state in the build",partial,"days-recency only; no intervening-tests and no mileage twin. MEASURED flat4y/r1m n=999,999: range [1 .. 2037], NULL 82.364%"
b3_n_major_items,B3,factory/blocks.py:145; emitter factory/blocks.py:348-381,"Prior MAJOR items: disposition in {F,P} and NOT dangerous-marked (post-2018 only).",vehicle x prior ITEM,vehicle_day atom (results + items),major,lifetime,count,raw count,0 = observable and none,NULL when no prior day is severity-observable (factory/blocks.py:145),as-of SAFE: emit-before-update over strictly earlier calendar days (factory/state.py:317-318; factory/blocks.py:9-10); falsifiers 1 and 4,"YES, HARD: dangerous / major / minor are post-2018 only; pre-2018 is UNOBSERVABLE and emitted NULL, never zero (factory/blocks.py:357-360)",all: float64 with NaN for NULL (fit_contract.py:267-268),"medium: the per-category/severity FILTER aggregates live in item_test_atom (factory/atoms.py:61-124), the largest hash state in the build",partial,"lifetime ITEM count on the severity axis; no window variants, no per-family split, and no severity-WEIGHTED composite exists anywhere in the 241. MEASURED flat4y/r1m n=999,999: range [0 .. 63], NULL 7.959%"
b3_n_major_days,B3,factory/blocks.py:146; emitter factory/blocks.py:348-381,Prior test-days carrying >=1 major item; NULL when unobservable.,vehicle x prior test-DAY,vehicle_day atom (results + items),major,lifetime,count,raw count,0 = observable and none,NULL when unobservable (factory/blocks.py:146),as-of SAFE: emit-before-update over strictly earlier calendar days (factory/state.py:317-318; factory/blocks.py:9-10); falsifiers 1 and 4,"YES, HARD: dangerous / major / minor are post-2018 only; pre-2018 is UNOBSERVABLE and emitted NULL, never zero (factory/blocks.py:357-360)",all: float64 with NaN for NULL (fit_contract.py:267-268),"medium: the per-category/severity FILTER aggregates live in item_test_atom (factory/atoms.py:61-124), the largest hash state in the build",partial,"the AFFECTED-TESTS count on the severity axis, correctly distinct from the item count. No window variants. MEASURED flat4y/r1m n=999,999: range [0 .. 10], NULL 7.959%"
b3_days_since_major,B3,factory/blocks.py:147; emitter factory/blocks.py:348-381,Days since the most recent prior major item; NULL when never/unobservable.,vehicle x prior test-DAY,vehicle_day atom (results + items),major,lifetime,recency_days,days,n/a,NULL when never OR when unobservable - the two are NOT separated in this column (factory/blocks.py:147); b3_severity_observability_status resolves it,as-of SAFE: emit-before-update over strictly earlier calendar days (factory/state.py:317-318; factory/blocks.py:9-10); falsifiers 1 and 4,"YES, HARD: dangerous / major / minor are post-2018 only; pre-2018 is UNOBSERVABLE and emitted NULL, never zero (factory/blocks.py:357-360)",all: float64 with NaN for NULL (fit_contract.py:267-268),"medium: the per-category/severity FILTER aggregates live in item_test_atom (factory/atoms.py:61-124), the largest hash state in the build",partial,"days-recency only; no intervening-tests and no mileage twin. MEASURED flat4y/r1m n=999,999: range [1 .. 2039], NULL 57.429%"
b3_n_minor_items,B3,factory/blocks.py:148; emitter factory/blocks.py:348-381,"Prior MINOR items (rfr_type_code 'M', F-22-corrected: minor does NOT fail the test); post-2018 only.",vehicle x prior ITEM,vehicle_day atom (results + items),minor,lifetime,count,raw count,0 = observable and none,NULL when no prior day is severity-observable (factory/blocks.py:148),as-of SAFE: emit-before-update over strictly earlier calendar days (factory/state.py:317-318; factory/blocks.py:9-10); falsifiers 1 and 4,"YES, HARD: dangerous / major / minor are post-2018 only; pre-2018 is UNOBSERVABLE and emitted NULL, never zero (factory/blocks.py:357-360)",all: float64 with NaN for NULL (fit_contract.py:267-268),"medium: the per-category/severity FILTER aggregates live in item_test_atom (factory/atoms.py:61-124), the largest hash state in the build",partial,"lifetime ITEM count on the severity axis; no window variants, no per-family split, and no severity-WEIGHTED composite exists anywhere in the 241. MEASURED flat4y/r1m n=999,999: range [0 .. 33], NULL 7.959%"
b3_n_minor_days,B3,factory/blocks.py:149; emitter factory/blocks.py:348-381,Prior test-days carrying >=1 minor item; NULL when unobservable.,vehicle x prior test-DAY,vehicle_day atom (results + items),minor,lifetime,count,raw count,0 = observable and none,NULL when unobservable (factory/blocks.py:149),as-of SAFE: emit-before-update over strictly earlier calendar days (factory/state.py:317-318; factory/blocks.py:9-10); falsifiers 1 and 4,"YES, HARD: dangerous / major / minor are post-2018 only; pre-2018 is UNOBSERVABLE and emitted NULL, never zero (factory/blocks.py:357-360)",all: float64 with NaN for NULL (fit_contract.py:267-268),"medium: the per-category/severity FILTER aggregates live in item_test_atom (factory/atoms.py:61-124), the largest hash state in the build",partial,"the AFFECTED-TESTS count on the severity axis, correctly distinct from the item count. No window variants. MEASURED flat4y/r1m n=999,999: range [0 .. 11], NULL 7.959%"
b3_days_since_minor,B3,factory/blocks.py:150; emitter factory/blocks.py:348-381,Days since the most recent prior minor item; NULL when never/unobservable.,vehicle x prior test-DAY,vehicle_day atom (results + items),minor,lifetime,recency_days,days,n/a,NULL when never OR when unobservable - the two are NOT separated in this column (factory/blocks.py:150); b3_severity_observability_status resolves it,as-of SAFE: emit-before-update over strictly earlier calendar days (factory/state.py:317-318; factory/blocks.py:9-10); falsifiers 1 and 4,"YES, HARD: dangerous / major / minor are post-2018 only; pre-2018 is UNOBSERVABLE and emitted NULL, never zero (factory/blocks.py:357-360)",all: float64 with NaN for NULL (fit_contract.py:267-268),"medium: the per-category/severity FILTER aggregates live in item_test_atom (factory/atoms.py:61-124), the largest hash state in the build",partial,"days-recency only; no intervening-tests and no mileage twin. MEASURED flat4y/r1m n=999,999: range [1 .. 2033], NULL 82.220%"
b3_n_prs_items,B3,factory/blocks.py:151; emitter factory/blocks.py:348-381,"Prior items with disposition 'P' -- fail-bearing, rectified at the station. Both eras.",vehicle x prior ITEM,vehicle_day atom (results + items),prs,lifetime,count,raw count,0 = no PRS item,never NULL,as-of SAFE: emit-before-update over strictly earlier calendar days (factory/state.py:317-318; factory/blocks.py:9-10); falsifiers 1 and 4,both eras,all: float64 with NaN for NULL (fit_contract.py:267-268),"medium: the per-category/severity FILTER aggregates live in item_test_atom (factory/atoms.py:61-124), the largest hash state in the build",partial,"PRS item count (factory/blocks.py:151); no window variants and no per-family split. MEASURED flat4y/r1m n=999,999: range [0 .. 34], NULL 0.000%"
b3_n_prs_item_days,B3,factory/blocks.py:152; emitter factory/blocks.py:348-381,Prior test-days carrying >=1 PRS-rectified item.,vehicle x prior test-DAY,vehicle_day atom (results + items),prs,lifetime,count,raw count,0 = none,never NULL,as-of SAFE: emit-before-update over strictly earlier calendar days (factory/state.py:317-318; factory/blocks.py:9-10); falsifiers 1 and 4,both eras,all: float64 with NaN for NULL (fit_contract.py:267-268),"medium: the per-category/severity FILTER aggregates live in item_test_atom (factory/atoms.py:61-124), the largest hash state in the build",partial,"the affected-tests twin (factory/blocks.py:152). MEASURED flat4y/r1m n=999,999: range [0 .. 16], NULL 0.000%"
b3_days_since_prs_item,B3,factory/blocks.py:153; emitter factory/blocks.py:348-381,Days since the most recent prior PRS-rectified item; NULL when never.,vehicle x prior test-DAY,vehicle_day atom (results + items),prs,lifetime,recency_days,days,n/a,NULL when never (factory/blocks.py:153),as-of SAFE: emit-before-update over strictly earlier calendar days (factory/state.py:317-318; factory/blocks.py:9-10); falsifiers 1 and 4,both eras,all: float64 with NaN for NULL (fit_contract.py:267-268),"medium: the per-category/severity FILTER aggregates live in item_test_atom (factory/atoms.py:61-124), the largest hash state in the build",partial,"days-recency only. MEASURED flat4y/r1m n=999,999: range [1 .. 6747], NULL 66.780%"
b3_n_fail_items_initial,B3,factory/blocks.py:154; emitter factory/blocks.py:348-381,Prior fail-bearing items on the INITIAL basis (disposition F + P). Both eras.,vehicle x prior ITEM,vehicle_day atom (results + items),fail_item_initial_basis,lifetime,count,raw count,"0 = no fail-bearing item. ZERO/MISSING CONFLATION AT SOURCE: the day atom coalesces the items join to 0 (factory/atoms.py:140) behind a LEFT JOIN (factory/atoms.py:240), so 'this prior test recorded no defect item' and 'this prior test's items are absent from the extract' are the same value. No item-data-coverage indicator exists in the 241",never NULL,as-of SAFE: emit-before-update over strictly earlier calendar days (factory/state.py:317-318; factory/blocks.py:9-10); falsifiers 1 and 4,both eras,all: float64 with NaN for NULL (fit_contract.py:267-268),"medium: the per-category/severity FILTER aggregates live in item_test_atom (factory/atoms.py:61-124), the largest hash state in the build",partial,"item-grain fail burden on the F+P basis (factory/blocks.py:154); lifetime only, no family split. MEASURED flat4y/r1m n=999,999: range [0 .. 136], NULL 0.000%"
b3_n_fail_items_final,B3,factory/blocks.py:155; emitter factory/blocks.py:348-381,Prior fail-bearing items on the FINAL-unrectified basis (disposition F only). Both eras.,vehicle x prior ITEM,vehicle_day atom (results + items),fail_item_final_basis,lifetime,count,raw count,"0 = none. ZERO/MISSING CONFLATION AT SOURCE: the day atom coalesces the items join to 0 (factory/atoms.py:140) behind a LEFT JOIN (factory/atoms.py:240), so 'this prior test recorded no defect item' and 'this prior test's items are absent from the extract' are the same value. No item-data-coverage indicator exists in the 241",never NULL,as-of SAFE: emit-before-update over strictly earlier calendar days (factory/state.py:317-318; factory/blocks.py:9-10); falsifiers 1 and 4,both eras,all: float64 with NaN for NULL (fit_contract.py:267-268),"medium: the per-category/severity FILTER aggregates live in item_test_atom (factory/atoms.py:61-124), the largest hash state in the build",partial,"the F-only basis (factory/blocks.py:155); the pair is the programme's dual-basis discipline. MEASURED flat4y/r1m n=999,999: range [0 .. 136], NULL 0.000%"
b3_n_advisory_items,B3,factory/blocks.py:156; emitter factory/blocks.py:348-381,Prior advisory items (disposition A). Both eras; volumes are recording-regime-confounded pre-2015 (DATA_ASSESSMENT §4).,vehicle x prior ITEM,vehicle_day atom (results + items),advisory,lifetime,count,raw count,"0 = no advisory item. ZERO/MISSING CONFLATION AT SOURCE: the day atom coalesces the items join to 0 (factory/atoms.py:140) behind a LEFT JOIN (factory/atoms.py:240), so 'this prior test recorded no defect item' and 'this prior test's items are absent from the extract' are the same value. No item-data-coverage indicator exists in the 241",never NULL,as-of SAFE: emit-before-update over strictly earlier calendar days (factory/state.py:317-318; factory/blocks.py:9-10); falsifiers 1 and 4,YES: advisory VOLUMES are recording-regime-confounded pre-2015 (DATA_ASSESSMENT s4),all: float64 with NaN for NULL (fit_contract.py:267-268),"medium: the per-category/severity FILTER aggregates live in item_test_atom (factory/atoms.py:61-124), the largest hash state in the build",partial,"the ONLY advisory column in B1-B6 (factory/blocks.py:156): no advisory DAYS, no advisory recency, no per-family advisory. state.cat_ever_advisory (factory/state.py:211) exists but feeds only B4. MEASURED flat4y/r1m n=999,999: range [0 .. 402], NULL 0.000%"
b3_fail_item_rectified_share,B3,factory/blocks.py:157; emitter factory/blocks.py:348-381,b3_n_prs_items / b3_n_fail_items_initial -- share of fail-bearing items rectified at the station; NULL when no fail-bearing items.,vehicle x prior test-DAY,vehicle_day atom (results + items),prs / fail_item_initial,lifetime,rate,per fail-bearing ITEM,0.0 = fail items existed and none were rectified,NULL when there were no fail-bearing items (factory/blocks.py:157),as-of SAFE: emit-before-update over strictly earlier calendar days (factory/state.py:317-318; factory/blocks.py:9-10); falsifiers 1 and 4,both eras,all: float64 with NaN for NULL (fit_contract.py:267-268),"medium: the per-category/severity FILTER aggregates live in item_test_atom (factory/atoms.py:61-124), the largest hash state in the build",equivalent,"a repair proxy that ships BOTH raw terms. MEASURED flat4y/r1m n=999,999: range [-0.0 .. 1.0], NULL 39.662%"
b4_n_adv_to_fail_transitions,B4,factory/blocks.py:161; emitter factory/blocks.py:384-407,"Count of (category, day) pairs where a fail-bearing item appeared in a category that had carried an ADVISORY on some strictly earlier day.",vehicle x prior test-DAY,vehicle_day atom (results + items),advisory->fail same family,lifetime,count,raw count,0 = never,never NULL,as-of SAFE: emit-before-update over strictly earlier calendar days (factory/state.py:317-318; factory/blocks.py:9-10); falsifiers 1 and 4,none,all: float64 with NaN for NULL (fit_contract.py:267-268),"low: O(1) per category per day, 8 categories in one pass (factory/state.py:424-452)",different_window_or_semantics,"the trigger is 'the family carried an advisory on SOME strictly earlier day' (factory/state.py:430), not 'on the immediately preceding test', so the cube's advisory-repeated-NEXT-test cell is not covered. MEASURED flat4y/r1m n=999,999: range [0 .. 41], NULL 0.000%"
b4_adv_to_fail_categories,B4,factory/blocks.py:162; emitter factory/blocks.py:384-407,Distinct categories with >=1 advisory->fail transition.,vehicle x prior test-DAY,vehicle_day atom (results + items),advisory->fail same family,lifetime,distinct_families,raw count,0 = never,never NULL,as-of SAFE: emit-before-update over strictly earlier calendar days (factory/state.py:317-318; factory/blocks.py:9-10); falsifiers 1 and 4,none,all: float64 with NaN for NULL (fit_contract.py:267-268),"low: O(1) per category per day, 8 categories in one pass (factory/state.py:424-452)",different_window_or_semantics,"distinct families with at least one transition (factory/blocks.py:162). MEASURED flat4y/r1m n=999,999: range [0 .. 8], NULL 0.000%"
b4_days_since_adv_to_fail,B4,factory/blocks.py:163; emitter factory/blocks.py:384-407,Days since the most recent advisory->fail transition; NULL when never.,vehicle x prior test-DAY,vehicle_day atom (results + items),advisory->fail same family,lifetime,recency_days,days,n/a,NULL when never (factory/blocks.py:163),as-of SAFE: emit-before-update over strictly earlier calendar days (factory/state.py:317-318; factory/blocks.py:9-10); falsifiers 1 and 4,none,all: float64 with NaN for NULL (fit_contract.py:267-268),"low: O(1) per category per day, 8 categories in one pass (factory/state.py:424-452)",partial,"days-recency only. MEASURED flat4y/r1m n=999,999: range [1 .. 6299], NULL 71.168%"
b4_n_recurrence_after_repair,B4,factory/blocks.py:164; emitter factory/blocks.py:384-407,"Count of (category, day) pairs where a category failed, a later day passed, and the category failed again.",vehicle x prior test-DAY,vehicle_day atom (results + items),fail->pass->fail same family,lifetime,count,raw count,0 = never,never NULL,as-of SAFE: emit-before-update over strictly earlier calendar days (factory/state.py:317-318; factory/blocks.py:9-10); falsifiers 1 and 4,none,all: float64 with NaN for NULL (fit_contract.py:267-268),"low: O(1) per category per day, 8 categories in one pass (factory/state.py:424-452)",equivalent,"recurrence after apparent resolution (factory/blocks.py:164; factory/state.py:435-441); an AMBIGUOUS day neither repairs nor recurs. Repeated failure WITHOUT an intervening pass is counted nowhere. MEASURED flat4y/r1m n=999,999: range [0 .. 54], NULL 0.000%"
b4_recurrence_categories,B4,factory/blocks.py:165; emitter factory/blocks.py:384-407,Distinct categories with >=1 recurrence-after-repair.,vehicle x prior test-DAY,vehicle_day atom (results + items),fail->pass->fail same family,lifetime,distinct_families,raw count,0 = never,never NULL,as-of SAFE: emit-before-update over strictly earlier calendar days (factory/state.py:317-318; factory/blocks.py:9-10); falsifiers 1 and 4,none,all: float64 with NaN for NULL (fit_contract.py:267-268),"low: O(1) per category per day, 8 categories in one pass (factory/state.py:424-452)",equivalent,"MEASURED flat4y/r1m n=999,999: range [0 .. 8], NULL 0.000%"
b4_days_since_recurrence,B4,factory/blocks.py:166; emitter factory/blocks.py:384-407,Days since the most recent recurrence-after-repair; NULL when never.,vehicle x prior test-DAY,vehicle_day atom (results + items),fail->pass->fail same family,lifetime,recency_days,days,n/a,NULL when never (factory/blocks.py:166),as-of SAFE: emit-before-update over strictly earlier calendar days (factory/state.py:317-318; factory/blocks.py:9-10); falsifiers 1 and 4,none,all: float64 with NaN for NULL (fit_contract.py:267-268),"low: O(1) per category per day, 8 categories in one pass (factory/state.py:424-452)",partial,"days-recency only. MEASURED flat4y/r1m n=999,999: range [1 .. 6208], NULL 78.477%"
b4_burden_delta_1,B4,factory/blocks.py:167; emitter factory/blocks.py:384-407,n_items on the most recent prior test-day minus the one before it; NULL with <2 priors.,vehicle x prior test-DAY,vehicle_day atom (results + items),item_any_disposition,lag1_last2_days,amplitude,items,0 = burden unchanged,NULL with fewer than 2 priors (factory/blocks.py:167),as-of SAFE: emit-before-update over strictly earlier calendar days (factory/state.py:317-318; factory/blocks.py:9-10); falsifiers 1 and 4,none,all: float64 with NaN for NULL (fit_contract.py:267-268),low: O(1) read of a running scalar folded once per prior day (factory/state.py:317-477),different_window_or_semantics,"DIRECTION at LAG 1 (latest minus second-latest), NOT the cube's amplitude (latest minus EARLIEST in the window). MEASURED flat4y/r1m n=999,999: range [-55 .. 55], NULL 15.561%"
b4_burden_delta_2,B4,factory/blocks.py:168; emitter factory/blocks.py:384-407,n_items on the 2nd most recent prior test-day minus the 3rd; NULL with <3 priors.,vehicle x prior test-DAY,vehicle_day atom (results + items),item_any_disposition,lag1_days_2_and_3,amplitude,items,0 = unchanged,NULL with fewer than 3 priors (factory/blocks.py:168),as-of SAFE: emit-before-update over strictly earlier calendar days (factory/state.py:317-318; factory/blocks.py:9-10); falsifiers 1 and 4,none,all: float64 with NaN for NULL (fit_contract.py:267-268),low: O(1) read of a running scalar folded once per prior day (factory/state.py:317-477),different_window_or_semantics,"a second lag-1 difference. MEASURED flat4y/r1m n=999,999: range [-48 .. 55], NULL 23.611%"
b4_burden_mean_last3,B4,factory/blocks.py:169; emitter factory/blocks.py:384-407,Mean n_items over the last up-to-3 prior test-days; NULL without priors.,vehicle x prior test-DAY,vehicle_day atom (results + items),item_any_disposition,last_3_days,mean,per test-DAY,"0.0 = the last up-to-3 days carried no items. ZERO/MISSING CONFLATION AT SOURCE: the day atom coalesces the items join to 0 (factory/atoms.py:140) behind a LEFT JOIN (factory/atoms.py:240), so 'this prior test recorded no defect item' and 'this prior test's items are absent from the extract' are the same value. No item-data-coverage indicator exists in the 241",NULL without priors,as-of SAFE: emit-before-update over strictly earlier calendar days (factory/state.py:317-318; factory/blocks.py:9-10); falsifiers 1 and 4,none,all: float64 with NaN for NULL (fit_contract.py:267-268),low: O(1) read of a running scalar folded once per prior day (factory/state.py:317-477),partial,"the only last-N-tests mean in the 241 (factory/blocks.py:169), with N fixed at 3; the LATEST value it is built from (state.last_day_n_items, factory/state.py:170) is itself never emitted. MEASURED flat4y/r1m n=999,999: range [-0.0 .. 44.333333333333336], NULL 7.639%"
b4_burden_x_age,B4,factory/blocks.py:170; emitter factory/blocks.py:384-407,b4_burden_mean_last3 * b1_age_at_target_years; NULL when either input is NULL.,vehicle x prior test-DAY,vehicle_day atom (results + items),item_any_disposition x vehicle_age,last_3_days,interaction,items x years,n/a,NULL when either input is NULL,as-of SAFE: emit-before-update over strictly earlier calendar days (factory/state.py:317-318; factory/blocks.py:9-10); falsifiers 1 and 4,none,all: float64 with NaN for NULL (fit_contract.py:267-268),low: O(1) read of a running scalar folded once per prior day (factory/state.py:317-477),duplicate_redundant,"the product of two shipped columns (factory/blocks.py:170). MEASURED flat4y/r1m n=999,999: range [-0.0 .. 1217.3853524982887], NULL 7.640%"
b4_mileage_band,B4,factory/blocks.py:171; emitter factory/blocks.py:384-407,Band of the LAST TRUSTED prior odometer reading: 0-30k / 30k-60k / 60k-100k / 100k+ / unknown. Unit-robust: never mixes a km reading with a mi reading because only one reading is used.,vehicle x prior test-DAY,vehicle_day atom (results + items),mileage_reading,latest_valid_day,band,n/a,'unknown' level when no trusted reading exists - correctly NOT zero,never NULL,as-of SAFE: emit-before-update over strictly earlier calendar days (factory/state.py:317-318; factory/blocks.py:9-10); falsifiers 1 and 4,YES: pre-2022 km contamination makes the BAND ASSIGNMENT unit-dependent even though no arithmetic mixes units (docs/v58/assessment_2026_08/DATA_ASSESSMENT.md:170-172; the dictionary's 'unit-robust by construction' claim covers MIXING only),tree-native categorical (CatBoost/LightGBM cat_features); MLP/RealMLP and context models need an explicit encoder (fit_contract.py:249-268),low: O(1) read of a running scalar folded once per prior day (factory/state.py:317-477),unsafe_ambiguous,"the only mileage feature in B1-B6 (factory/blocks.py:171): 4 coarse bands from a single reading, with no exposure and no delta. MEASURED flat4y/r1m n=999,999: range ['0-30k' .. 'unknown'], NULL 0.000%"
b4_burden_x_mileage_band_ord,B4,factory/blocks.py:172; emitter factory/blocks.py:384-407,b4_burden_mean_last3 * mileage-band ordinal (1..4); NULL when the band is unknown.,vehicle x prior test-DAY,vehicle_day atom (results + items),item_any_disposition x mileage,last_3_days,interaction,items x band ordinal,n/a,NULL when the band is unknown,as-of SAFE: emit-before-update over strictly earlier calendar days (factory/state.py:317-318; factory/blocks.py:9-10); falsifiers 1 and 4,inherits b4_mileage_band,all: float64 with NaN for NULL (fit_contract.py:267-268),low: O(1) read of a running scalar folded once per prior day (factory/state.py:317-477),unsafe_ambiguous,"a product with the unit-ambiguous band ordinal (factory/blocks.py:172). MEASURED flat4y/r1m n=999,999: range [-0.0 .. 122.0], NULL 8.134%"
b4_deterioration_slope,B4,factory/blocks.py:173; emitter factory/blocks.py:384-407,Least-squares slope of items-per-test-day against years since the first prior day (items/year); NULL with <2 priors or a degenerate span.,vehicle x prior test-DAY,vehicle_day atom (results + items),item_any_disposition,lifetime,slope,items per YEAR over the whole observed span,0.0 = flat,NULL with fewer than 2 priors or a degenerate span (factory/blocks.py:173),as-of SAFE: emit-before-update over strictly earlier calendar days (factory/state.py:317-318; factory/blocks.py:9-10); falsifiers 1 and 4,none,all: float64 with NaN for NULL (fit_contract.py:267-268),low: O(1) from five running sums (factory/state.py:305-313),different_window_or_semantics,"the cube asks for a RECENT slope; this is fitted over the WHOLE observed span (factory/state.py:305-313). No robust variant, and the span denominator is not shipped (only n). range -4383 .. +2191 shows near-degenerate-span blow-ups; MEASURED flat4y/r1m n=999,999: range [-4383.0 .. 2191.5], NULL 15.561%"
b4_deterioration_slope_n_days,B4,factory/blocks.py:174; emitter factory/blocks.py:384-407,Number of prior test-days the slope was fitted on (its honest denominator).,vehicle x prior test-DAY,vehicle_day atom (results + items),item_any_disposition,lifetime,count,raw count,0 = the slope was not fitted,never NULL,as-of SAFE: emit-before-update over strictly earlier calendar days (factory/state.py:317-318; factory/blocks.py:9-10); falsifiers 1 and 4,none,all: float64 with NaN for NULL (fit_contract.py:267-268),low: O(1) from five running sums (factory/state.py:305-313),equivalent,"the slope's honest denominator (factory/blocks.py:174). MEASURED flat4y/r1m n=999,999: range [0 .. 48], NULL 0.000%"
b5_n_prior_multi_test_days,B5,factory/blocks.py:178; emitter factory/blocks.py:410-428,Prior test-days carrying more than one test record (same-day retest pairs).,vehicle x prior test-DAY,vehicle_day atom (results + items),same_day_multiset,lifetime,count,raw count,0 = no prior day carried more than one record,never NULL,as-of SAFE: emit-before-update over strictly earlier calendar days (factory/state.py:317-318; factory/blocks.py:9-10); falsifiers 1 and 4,none,all: float64 with NaN for NULL (fit_contract.py:267-268),low: O(1) read of a running scalar folded once per prior day (factory/state.py:317-477),equivalent,"the D13 exposure counter (factory/blocks.py:178) - it also bounds how many rows the B0 tests[0] family can be order-sensitive on. MEASURED flat4y/r1m n=999,999: range [0 .. 12], NULL 0.000%"
b5_max_tests_on_a_prior_day,B5,factory/blocks.py:179; emitter factory/blocks.py:410-428,Largest number of test records on any single prior test-day.,vehicle x prior test-DAY,vehicle_day atom (results + items),same_day_multiset,lifetime,max,records per day,n/a,NULL without priors (factory/blocks.py:179),as-of SAFE: emit-before-update over strictly earlier calendar days (factory/state.py:317-318; factory/blocks.py:9-10); falsifiers 1 and 4,none,all: float64 with NaN for NULL (fit_contract.py:267-268),low: O(1) read of a running scalar folded once per prior day (factory/state.py:317-477),equivalent,"a genuine MAX statistic - one of only three in the 241. MEASURED flat4y/r1m n=999,999: range [1 .. 6], NULL 7.639%"
b5_n_prior_days_pass_and_fail,B5,factory/blocks.py:180; emitter factory/blocks.py:410-428,Prior test-days carrying BOTH a PASS and a FAIL record (the tie-exposed population).,vehicle x prior test-DAY,vehicle_day atom (results + items),same_day pass+fail,lifetime,count,raw count,0 = never,never NULL,as-of SAFE: emit-before-update over strictly earlier calendar days (factory/state.py:317-318; factory/blocks.py:9-10); falsifiers 1 and 4,none,all: float64 with NaN for NULL (fit_contract.py:267-268),low: O(1) read of a running scalar folded once per prior day (factory/state.py:317-477),equivalent,"the tie-exposed population (factory/blocks.py:180). MEASURED flat4y/r1m n=999,999: range [0 .. 12], NULL 0.000%"
b5_n_prior_nondefinitive_days,B5,factory/blocks.py:181; emitter factory/blocks.py:410-428,Prior test-days whose D13 cluster outcome is AMBIGUOUS under cycles.py semantics -- which is EITHER a same-stratum FAIL + definitive pass OR a day of mixed non-definitive outcomes (e.g. ABANDONED + ABORTED). Superset of b5_n_prior_ambiguous_days.,vehicle x prior test-DAY,vehicle_day atom (results + items),ambiguous_cluster,lifetime,count,raw count,0 = never,never NULL,as-of SAFE: emit-before-update over strictly earlier calendar days (factory/state.py:317-318; factory/blocks.py:9-10); falsifiers 1 and 4,none,all: float64 with NaN for NULL (fit_contract.py:267-268),low: O(1) read of a running scalar folded once per prior day (factory/state.py:317-477),equivalent,"the cycles.py AMBIGUOUS superset (factory/blocks.py:181). MEASURED flat4y/r1m n=999,999: range [0 .. 2], NULL 0.000%"
b5_n_prior_ambiguous_days,B5,factory/blocks.py:182; emitter factory/blocks.py:410-428,STRICT variant: prior test-days that are AMBIGUOUS *and* carry a definitive outcome -- same-stratum FAIL + definitive pass only. The sequence is unidentified and is never invented.,vehicle x prior test-DAY,vehicle_day atom (results + items),ambiguous_cluster_strict,lifetime,count,raw count,0 = never,never NULL,as-of SAFE: emit-before-update over strictly earlier calendar days (factory/state.py:317-318; factory/blocks.py:9-10); falsifiers 1 and 4,none,all: float64 with NaN for NULL (fit_contract.py:267-268),low: O(1) read of a running scalar folded once per prior day (factory/state.py:317-477),equivalent,"the strict same-stratum FAIL plus definitive pass case (factory/blocks.py:182). MEASURED flat4y/r1m n=999,999: range [0 .. 2], NULL 0.000%"
b5_n_prior_mileage_conflict_days,B5,factory/blocks.py:183; emitter factory/blocks.py:410-428,Prior test-days whose same-day odometer readings differ by more than 1%.,vehicle x prior test-DAY,vehicle_day atom (results + items),mileage_conflict,lifetime,count,raw count,0 = no same-day reading pair differed by more than 1%,never NULL,as-of SAFE: emit-before-update over strictly earlier calendar days (factory/state.py:317-318; factory/blocks.py:9-10); falsifiers 1 and 4,none,all: float64 with NaN for NULL (fit_contract.py:267-268),low: O(1) read of a running scalar folded once per prior day (factory/state.py:317-477),partial,"the UNRELIABLE-MILEAGE indicator, but SAME-DAY only (factory/blocks.py:183; factory/atoms.py:232-234). Cross-test rollback or discontinuity is not detected: state carries prev_valid_mileage (factory/state.py:176) and never emits it. MEASURED flat4y/r1m n=999,999: range [0 .. 2], NULL 0.000%"
b5_last_day_n_tests,B5,factory/blocks.py:184; emitter factory/blocks.py:410-428,Test records on the most recent prior test-day; NULL without priors.,vehicle x prior test-DAY,vehicle_day atom (results + items),same_day_multiset,latest_day,count,raw count,n/a,NULL without priors (factory/blocks.py:184),as-of SAFE: emit-before-update over strictly earlier calendar days (factory/state.py:317-318; factory/blocks.py:9-10); falsifiers 1 and 4,none,all: float64 with NaN for NULL (fit_contract.py:267-268),low: O(1) read of a running scalar folded once per prior day (factory/state.py:317-477),equivalent,"test records on the most recent prior day. MEASURED flat4y/r1m n=999,999: range [1 .. 5], NULL 7.639%"
b5_last_day_n_distinct_outcomes,B5,factory/blocks.py:185; emitter factory/blocks.py:410-428,Distinct outcomes on the most recent prior test-day; NULL without priors.,vehicle x prior test-DAY,vehicle_day atom (results + items),same_day_multiset,latest_day,count,raw count,n/a,NULL without priors (factory/blocks.py:185),as-of SAFE: emit-before-update over strictly earlier calendar days (factory/state.py:317-318; factory/blocks.py:9-10); falsifiers 1 and 4,none,all: float64 with NaN for NULL (fit_contract.py:267-268),low: O(1) read of a running scalar folded once per prior day (factory/state.py:317-477),equivalent,"distinct outcomes on that day. MEASURED flat4y/r1m n=999,999: range [1 .. 3], NULL 7.639%"
b5_last_day_has_pass,B5,factory/blocks.py:186; emitter factory/blocks.py:410-428,Most recent prior test-day contained a PASS record; NULL without priors.,vehicle x prior test-DAY,vehicle_day atom (results + items),pass,latest_day,presence,n/a,False = the most recent prior DAY contained no PASS record,NULL without priors,as-of SAFE: emit-before-update over strictly earlier calendar days (factory/state.py:317-318; factory/blocks.py:9-10); falsifiers 1 and 4,none,all: float64 with NaN for NULL (fit_contract.py:267-268),low: O(1) read of a running scalar folded once per prior day (factory/state.py:317-477),equivalent,"the D13-SAFE 'latest outcome' family (factory/blocks.py:186) - the twin that B0 reads with tests[0]. MEASURED flat4y/r1m n=999,999: range [False .. True], NULL 7.639%"
b5_last_day_has_fail,B5,factory/blocks.py:187; emitter factory/blocks.py:410-428,Most recent prior test-day contained a FAIL record; NULL without priors.,vehicle x prior test-DAY,vehicle_day atom (results + items),fail,latest_day,presence,n/a,False = the most recent prior DAY contained no FAIL record,NULL without priors,as-of SAFE: emit-before-update over strictly earlier calendar days (factory/state.py:317-318; factory/blocks.py:9-10); falsifiers 1 and 4,none,all: float64 with NaN for NULL (fit_contract.py:267-268),low: O(1) read of a running scalar folded once per prior day (factory/state.py:317-477),equivalent,"the D13-SAFE 'latest outcome' family (factory/blocks.py:187) - the twin that B0 reads with tests[0]. MEASURED flat4y/r1m n=999,999: range [False .. True], NULL 7.639%"
b5_last_day_has_prs,B5,factory/blocks.py:188; emitter factory/blocks.py:410-428,Most recent prior test-day contained a PRS record; NULL without priors. PRS has no confirmed live representation (SERVE_VIEW invariant 3).,vehicle x prior test-DAY,vehicle_day atom (results + items),prs,latest_day,presence,n/a,False = the most recent prior DAY contained no PRS record,NULL without priors,as-of SAFE: emit-before-update over strictly earlier calendar days (factory/state.py:317-318; factory/blocks.py:9-10); falsifiers 1 and 4,none,all: float64 with NaN for NULL (fit_contract.py:267-268),low: O(1) read of a running scalar folded once per prior day (factory/state.py:317-477),different_window_or_semantics,"the D13-SAFE 'latest outcome' family (factory/blocks.py:188) - the twin that B0 reads with tests[0]. RESEARCH-ONLY: PRS has no confirmed live representation (SERVE_VIEW invariant 3) MEASURED flat4y/r1m n=999,999: range [False .. True], NULL 7.639%"
b5_last_day_has_nonresult,B5,factory/blocks.py:189; emitter factory/blocks.py:410-428,Most recent prior test-day contained an abandoned/aborted/refused record; NULL without priors.,vehicle x prior test-DAY,vehicle_day atom (results + items),abandoned,latest_day,presence,n/a,False = the most recent prior DAY contained no abandoned/aborted/refused record,NULL without priors,as-of SAFE: emit-before-update over strictly earlier calendar days (factory/state.py:317-318; factory/blocks.py:9-10); falsifiers 1 and 4,none,all: float64 with NaN for NULL (fit_contract.py:267-268),low: O(1) read of a running scalar folded once per prior day (factory/state.py:317-477),equivalent,"the D13-SAFE 'latest outcome' family (factory/blocks.py:189) - the twin that B0 reads with tests[0]. MEASURED flat4y/r1m n=999,999: range [False .. True], NULL 7.639%"
b5_days_since_prior_day,B5,factory/blocks.py:190; emitter factory/blocks.py:410-428,"tgt_date minus the most recent prior test-day, in days; NULL without priors.",vehicle x prior test-DAY,vehicle_day atom (results + items),prior_test,lifetime,recency_days,days,n/a,NULL without priors (factory/blocks.py:190),as-of SAFE: emit-before-update over strictly earlier calendar days (factory/state.py:317-318; factory/blocks.py:9-10); falsifiers 1 and 4,none,all: float64 with NaN for NULL (fit_contract.py:267-268),low: O(1) read of a running scalar folded once per prior day (factory/state.py:317-477),equivalent,"THE recency-at-prediction-time column: tgt_date minus the most recent prior test-day. B0's similarly named days_since_last_test measures something else (autosafe/feature_engineering_v55.py:257). MEASURED flat4y/r1m n=999,999: range [1 .. 6450], NULL 7.639%"
b5_gap_annual_band_flag,B5,factory/blocks.py:191; emitter factory/blocks.py:410-428,"b5_days_since_prior_day falls in the annual band [300, 430]; NULL without priors.",vehicle x prior test-DAY,vehicle_day atom (results + items),prior_test,lifetime,band,n/a,"False = outside the [300,430]-day band",NULL without priors (factory/blocks.py:191),as-of SAFE: emit-before-update over strictly earlier calendar days (factory/state.py:317-318; factory/blocks.py:9-10); falsifiers 1 and 4,none,all: float64 with NaN for NULL (fit_contract.py:267-268),low: O(1) read of a running scalar folded once per prior day (factory/state.py:317-477),equivalent,"the cadence band (factory/state.py:37). MEASURED flat4y/r1m n=999,999: range [False .. True], NULL 7.639%"
b5_covid_straddle_flag,B5,factory/blocks.py:192; emitter factory/blocks.py:410-428,"The interval [last prior test-day, tgt_date] intersects the COVID MOT-extension window 2020-03-30..2020-08-01.",vehicle x prior test-DAY,vehicle_day atom (results + items),calendar,interval_to_last_prior,presence,n/a,False = the interval misses the extension window,never NULL (False without priors),as-of SAFE: emit-before-update over strictly earlier calendar days (factory/state.py:317-318; factory/blocks.py:9-10); falsifiers 1 and 4,"YES: calendar-derived, 2020-03-30 to 2020-08-01",all: float64 with NaN for NULL (fit_contract.py:267-268),low: O(1) read of a running scalar folded once per prior day (factory/state.py:317-477),equivalent,"the shipped COVID-regime indicator (factory/blocks.py:192; factory/state.py:479-483). MEASURED flat4y/r1m n=999,999: range [False .. True], NULL 0.000%"
b6_lat_nearside_n,B6,factory/blocks.py:196-199; emitter factory/blocks.py:431-443,Prior defect items whose location_id has coarse LATERAL group 'nearside' (mdr_rfr_location.lateral); NULL when the location map is absent.,vehicle x prior ITEM,vehicle_day atom (results + items),item_position:lateral:nearside,lifetime,count,raw count,0 = map present and no item in this group,NULL when the location map is absent or nothing resolved (factory/blocks.py:438-440),as-of SAFE: emit-before-update over strictly earlier calendar days (factory/state.py:317-318; factory/blocks.py:9-10); falsifiers 1 and 4,"YES: the 90->114->60 code-granularity regime has no era-stable map, so B6 is not comparable ACROSS eras (FEATURE_DICTIONARY ruling 4)",all: float64 with NaN for NULL (fit_contract.py:267-268),medium: 12 positional FILTER aggregates plus the location LEFT JOIN (factory/atoms.py:73-104),different_window_or_semantics,"RESEARCH-ONLY input: location_id resolved through mdr_rfr_location; the live API exposes no location (factory/blocks.py:196-212). Lifetime item counts only - no window, no recency, no rate. MEASURED flat4y/r1m n=999,999: range [0 .. 124], NULL 21.972%"
b6_lat_offside_n,B6,factory/blocks.py:196-199; emitter factory/blocks.py:431-443,Prior defect items whose location_id has coarse LATERAL group 'offside' (mdr_rfr_location.lateral); NULL when the location map is absent.,vehicle x prior ITEM,vehicle_day atom (results + items),item_position:lateral:offside,lifetime,count,raw count,0 = map present and no item in this group,NULL when the location map is absent or nothing resolved (factory/blocks.py:438-440),as-of SAFE: emit-before-update over strictly earlier calendar days (factory/state.py:317-318; factory/blocks.py:9-10); falsifiers 1 and 4,"YES: the 90->114->60 code-granularity regime has no era-stable map, so B6 is not comparable ACROSS eras (FEATURE_DICTIONARY ruling 4)",all: float64 with NaN for NULL (fit_contract.py:267-268),medium: 12 positional FILTER aggregates plus the location LEFT JOIN (factory/atoms.py:73-104),different_window_or_semantics,"RESEARCH-ONLY input: location_id resolved through mdr_rfr_location; the live API exposes no location (factory/blocks.py:196-212). Lifetime item counts only - no window, no recency, no rate. MEASURED flat4y/r1m n=999,999: range [0 .. 75], NULL 21.972%"
b6_lat_centre_n,B6,factory/blocks.py:196-199; emitter factory/blocks.py:431-443,Prior defect items whose location_id has coarse LATERAL group 'centre' (mdr_rfr_location.lateral); NULL when the location map is absent.,vehicle x prior ITEM,vehicle_day atom (results + items),item_position:lateral:centre,lifetime,count,raw count,0 = map present and no item in this group,NULL when the location map is absent or nothing resolved (factory/blocks.py:438-440),as-of SAFE: emit-before-update over strictly earlier calendar days (factory/state.py:317-318; factory/blocks.py:9-10); falsifiers 1 and 4,"YES: the 90->114->60 code-granularity regime has no era-stable map, so B6 is not comparable ACROSS eras (FEATURE_DICTIONARY ruling 4)",all: float64 with NaN for NULL (fit_contract.py:267-268),medium: 12 positional FILTER aggregates plus the location LEFT JOIN (factory/atoms.py:73-104),different_window_or_semantics,"RESEARCH-ONLY input: location_id resolved through mdr_rfr_location; the live API exposes no location (factory/blocks.py:196-212). Lifetime item counts only - no window, no recency, no rate. MEASURED flat4y/r1m n=999,999: range [0 .. 13], NULL 21.972%"
b6_lat_inner_outer_n,B6,factory/blocks.py:196-199; emitter factory/blocks.py:431-443,Prior defect items whose location_id has coarse LATERAL group 'inner_outer' (mdr_rfr_location.lateral); NULL when the location map is absent.,vehicle x prior ITEM,vehicle_day atom (results + items),item_position:lateral:inner_outer,lifetime,count,raw count,0 = map present and no item in this group,NULL when the location map is absent or nothing resolved (factory/blocks.py:438-440),as-of SAFE: emit-before-update over strictly earlier calendar days (factory/state.py:317-318; factory/blocks.py:9-10); falsifiers 1 and 4,"YES: the 90->114->60 code-granularity regime has no era-stable map, so B6 is not comparable ACROSS eras (FEATURE_DICTIONARY ruling 4)",all: float64 with NaN for NULL (fit_contract.py:267-268),medium: 12 positional FILTER aggregates plus the location LEFT JOIN (factory/atoms.py:73-104),different_window_or_semantics,"RESEARCH-ONLY input: location_id resolved through mdr_rfr_location; the live API exposes no location (factory/blocks.py:196-212). Lifetime item counts only - no window, no recency, no rate. MEASURED flat4y/r1m n=999,999: range [0 .. 9], NULL 21.972%"
b6_lat_unknown_n,B6,factory/blocks.py:196-199; emitter factory/blocks.py:431-443,Prior defect items whose location_id has coarse LATERAL group 'unknown' (mdr_rfr_location.lateral); NULL when the location map is absent.,vehicle x prior ITEM,vehicle_day atom (results + items),item_position:lateral:unknown,lifetime,count,raw count,0 = map present and no item in this group,NULL when the location map is absent or nothing resolved (factory/blocks.py:438-440),as-of SAFE: emit-before-update over strictly earlier calendar days (factory/state.py:317-318; factory/blocks.py:9-10); falsifiers 1 and 4,"YES: the 90->114->60 code-granularity regime has no era-stable map, so B6 is not comparable ACROSS eras (FEATURE_DICTIONARY ruling 4)",all: float64 with NaN for NULL (fit_contract.py:267-268),medium: 12 positional FILTER aggregates plus the location LEFT JOIN (factory/atoms.py:73-104),different_window_or_semantics,"RESEARCH-ONLY input: location_id resolved through mdr_rfr_location; the live API exposes no location (factory/blocks.py:196-212). Lifetime item counts only - no window, no recency, no rate. MEASURED flat4y/r1m n=999,999: range [0 .. 239], NULL 21.972%"
b6_long_front_n,B6,factory/blocks.py:201-204; emitter factory/blocks.py:431-443,Prior defect items whose location_id has coarse LONGITUDINAL group 'front' (mdr_rfr_location.longitudinal); NULL when the location map is absent.,vehicle x prior ITEM,vehicle_day atom (results + items),item_position:longitudinal:front,lifetime,count,raw count,0 = map present and no item in this group,NULL when the location map is absent or nothing resolved (factory/blocks.py:438-440),as-of SAFE: emit-before-update over strictly earlier calendar days (factory/state.py:317-318; factory/blocks.py:9-10); falsifiers 1 and 4,"YES: the 90->114->60 code-granularity regime has no era-stable map, so B6 is not comparable ACROSS eras (FEATURE_DICTIONARY ruling 4)",all: float64 with NaN for NULL (fit_contract.py:267-268),medium: 12 positional FILTER aggregates plus the location LEFT JOIN (factory/atoms.py:73-104),different_window_or_semantics,"RESEARCH-ONLY input: location_id resolved through mdr_rfr_location; the live API exposes no location (factory/blocks.py:196-212). Lifetime item counts only - no window, no recency, no rate. MEASURED flat4y/r1m n=999,999: range [0 .. 115], NULL 21.972%"
b6_long_rear_n,B6,factory/blocks.py:201-204; emitter factory/blocks.py:431-443,Prior defect items whose location_id has coarse LONGITUDINAL group 'rear' (mdr_rfr_location.longitudinal); NULL when the location map is absent.,vehicle x prior ITEM,vehicle_day atom (results + items),item_position:longitudinal:rear,lifetime,count,raw count,0 = map present and no item in this group,NULL when the location map is absent or nothing resolved (factory/blocks.py:438-440),as-of SAFE: emit-before-update over strictly earlier calendar days (factory/state.py:317-318; factory/blocks.py:9-10); falsifiers 1 and 4,"YES: the 90->114->60 code-granularity regime has no era-stable map, so B6 is not comparable ACROSS eras (FEATURE_DICTIONARY ruling 4)",all: float64 with NaN for NULL (fit_contract.py:267-268),medium: 12 positional FILTER aggregates plus the location LEFT JOIN (factory/atoms.py:73-104),different_window_or_semantics,"RESEARCH-ONLY input: location_id resolved through mdr_rfr_location; the live API exposes no location (factory/blocks.py:196-212). Lifetime item counts only - no window, no recency, no rate. MEASURED flat4y/r1m n=999,999: range [0 .. 197], NULL 21.972%"
b6_long_unknown_n,B6,factory/blocks.py:201-204; emitter factory/blocks.py:431-443,Prior defect items whose location_id has coarse LONGITUDINAL group 'unknown' (mdr_rfr_location.longitudinal); NULL when the location map is absent.,vehicle x prior ITEM,vehicle_day atom (results + items),item_position:longitudinal:unknown,lifetime,count,raw count,0 = map present and no item in this group,NULL when the location map is absent or nothing resolved (factory/blocks.py:438-440),as-of SAFE: emit-before-update over strictly earlier calendar days (factory/state.py:317-318; factory/blocks.py:9-10); falsifiers 1 and 4,"YES: the 90->114->60 code-granularity regime has no era-stable map, so B6 is not comparable ACROSS eras (FEATURE_DICTIONARY ruling 4)",all: float64 with NaN for NULL (fit_contract.py:267-268),medium: 12 positional FILTER aggregates plus the location LEFT JOIN (factory/atoms.py:73-104),different_window_or_semantics,"RESEARCH-ONLY input: location_id resolved through mdr_rfr_location; the live API exposes no location (factory/blocks.py:196-212). Lifetime item counts only - no window, no recency, no rate. MEASURED flat4y/r1m n=999,999: range [0 .. 168], NULL 21.972%"
b6_vert_upper_n,B6,factory/blocks.py:206-209; emitter factory/blocks.py:431-443,Prior defect items whose location_id has coarse VERTICAL group 'upper' (mdr_rfr_location.vertical); NULL when the location map is absent.,vehicle x prior ITEM,vehicle_day atom (results + items),item_position:vertical:upper,lifetime,count,raw count,0 = map present and no item in this group,NULL when the location map is absent or nothing resolved (factory/blocks.py:438-440),as-of SAFE: emit-before-update over strictly earlier calendar days (factory/state.py:317-318; factory/blocks.py:9-10); falsifiers 1 and 4,"YES: the 90->114->60 code-granularity regime has no era-stable map, so B6 is not comparable ACROSS eras (FEATURE_DICTIONARY ruling 4)",all: float64 with NaN for NULL (fit_contract.py:267-268),medium: 12 positional FILTER aggregates plus the location LEFT JOIN (factory/atoms.py:73-104),different_window_or_semantics,"RESEARCH-ONLY input: location_id resolved through mdr_rfr_location; the live API exposes no location (factory/blocks.py:196-212). Lifetime item counts only - no window, no recency, no rate. MEASURED flat4y/r1m n=999,999: range [0 .. 16], NULL 21.972%"
b6_vert_lower_n,B6,factory/blocks.py:206-209; emitter factory/blocks.py:431-443,Prior defect items whose location_id has coarse VERTICAL group 'lower' (mdr_rfr_location.vertical); NULL when the location map is absent.,vehicle x prior ITEM,vehicle_day atom (results + items),item_position:vertical:lower,lifetime,count,raw count,0 = map present and no item in this group,NULL when the location map is absent or nothing resolved (factory/blocks.py:438-440),as-of SAFE: emit-before-update over strictly earlier calendar days (factory/state.py:317-318; factory/blocks.py:9-10); falsifiers 1 and 4,"YES: the 90->114->60 code-granularity regime has no era-stable map, so B6 is not comparable ACROSS eras (FEATURE_DICTIONARY ruling 4)",all: float64 with NaN for NULL (fit_contract.py:267-268),medium: 12 positional FILTER aggregates plus the location LEFT JOIN (factory/atoms.py:73-104),different_window_or_semantics,"RESEARCH-ONLY input: location_id resolved through mdr_rfr_location; the live API exposes no location (factory/blocks.py:196-212). Lifetime item counts only - no window, no recency, no rate. MEASURED flat4y/r1m n=999,999: range [0 .. 16], NULL 21.972%"
b6_vert_inner_outer_n,B6,factory/blocks.py:206-209; emitter factory/blocks.py:431-443,Prior defect items whose location_id has coarse VERTICAL group 'inner_outer' (mdr_rfr_location.vertical); NULL when the location map is absent.,vehicle x prior ITEM,vehicle_day atom (results + items),item_position:vertical:inner_outer,lifetime,count,raw count,0 = map present and no item in this group,NULL when the location map is absent or nothing resolved (factory/blocks.py:438-440),as-of SAFE: emit-before-update over strictly earlier calendar days (factory/state.py:317-318; factory/blocks.py:9-10); falsifiers 1 and 4,"YES: the 90->114->60 code-granularity regime has no era-stable map, so B6 is not comparable ACROSS eras (FEATURE_DICTIONARY ruling 4)",all: float64 with NaN for NULL (fit_contract.py:267-268),medium: 12 positional FILTER aggregates plus the location LEFT JOIN (factory/atoms.py:73-104),different_window_or_semantics,"RESEARCH-ONLY input: location_id resolved through mdr_rfr_location; the live API exposes no location (factory/blocks.py:196-212). Lifetime item counts only - no window, no recency, no rate. MEASURED flat4y/r1m n=999,999: range [0 .. 21], NULL 21.972%"
b6_vert_unknown_n,B6,factory/blocks.py:206-209; emitter factory/blocks.py:431-443,Prior defect items whose location_id has coarse VERTICAL group 'unknown' (mdr_rfr_location.vertical); NULL when the location map is absent.,vehicle x prior ITEM,vehicle_day atom (results + items),item_position:vertical:unknown,lifetime,count,raw count,0 = map present and no item in this group,NULL when the location map is absent or nothing resolved (factory/blocks.py:438-440),as-of SAFE: emit-before-update over strictly earlier calendar days (factory/state.py:317-318; factory/blocks.py:9-10); falsifiers 1 and 4,"YES: the 90->114->60 code-granularity regime has no era-stable map, so B6 is not comparable ACROSS eras (FEATURE_DICTIONARY ruling 4)",all: float64 with NaN for NULL (fit_contract.py:267-268),medium: 12 positional FILTER aggregates plus the location LEFT JOIN (factory/atoms.py:73-104),different_window_or_semantics,"RESEARCH-ONLY input: location_id resolved through mdr_rfr_location; the live API exposes no location (factory/blocks.py:196-212). Lifetime item counts only - no window, no recency, no rate. MEASURED flat4y/r1m n=999,999: range [0 .. 413], NULL 21.972%"
b6_pos_n_total,B6,factory/blocks.py:211; emitter factory/blocks.py:431-443,Prior defect items whose location_id RESOLVED against mdr_rfr_location (the honest denominator for both axes); NULL when the location map is absent.,vehicle x prior ITEM,vehicle_day atom (results + items),item_position_resolved,lifetime,count,raw count,"0 = map present, nothing resolved",NULL when the map is absent (factory/blocks.py:441-442),as-of SAFE: emit-before-update over strictly earlier calendar days (factory/state.py:317-318; factory/blocks.py:9-10); falsifiers 1 and 4,"YES: the 90->114->60 code-granularity regime has no era-stable map, so B6 is not comparable ACROSS eras (FEATURE_DICTIONARY ruling 4)",all: float64 with NaN for NULL (fit_contract.py:267-268),medium: 12 positional FILTER aggregates plus the location LEFT JOIN (factory/atoms.py:73-104),equivalent,"the honest denominator for all 12 group counts (factory/blocks.py:211). MEASURED flat4y/r1m n=999,999: range [0 .. 319], NULL 21.972%"
b6_location_map_status,B6,factory/blocks.py:212; emitter factory/blocks.py:431-443,"present / absent -- whether mdr_rfr_location was supplied. Absent means the B6 counts are NULL, not zero.",vehicle,vehicle_day atom (results + items),item_position_resolved,lifetime,status,n/a,n/a,present / absent,as-of SAFE: emit-before-update over strictly earlier calendar days (factory/state.py:317-318; factory/blocks.py:9-10); falsifiers 1 and 4,none,tree-native categorical (CatBoost/LightGBM cat_features); MLP/RealMLP and context models need an explicit encoder (fit_contract.py:249-268),medium: 12 positional FILTER aggregates plus the location LEFT JOIN (factory/atoms.py:73-104),absent,"CONSTANT 'present' in every built frame (factory/blocks.py:212), so it carries no information in any fit. MEASURED flat4y/r1m n=999,999: range ['present' .. 'present'], NULL 0.000%"
